date,cpi_overall,cpi_food,cpi_shelter,cpi_transportation,pce_total,disposable_income,fed_funds_rate,consumer_sentiment,unemployment_rate,cpi_overall_yoy_pct,cpi_overall_mom_pct,cpi_food_yoy_pct,cpi_food_mom_pct,cpi_shelter_yoy_pct,cpi_shelter_mom_pct,cpi_transportation_yoy_pct,cpi_transportation_mom_pct,pce_total_yoy_pct,pce_total_mom_pct,disposable_income_yoy_pct,disposable_income_mom_pct,cpi_overall_index_2016_100,cpi_food_index_2016_100,cpi_shelter_index_2016_100,cpi_transportation_index_2016_100,pce_total_index_2016_100,disposable_income_index_2016_100
2016-01-01,237.652,248.353,283.714,192.648,12478.0,13767.2,0.34,92.0,4.8,,,,,,,,,,,,,99.01943185310054,100.1687272453496,98.43217119483195,98.85869576837797,98.04468505561077,98.83922257467394
2016-02-01,237.336,248.606,284.502,188.784,12554.5,13773.8,0.38,91.7,4.9,,-0.13296753235823022,,0.10187112698456513,,0.2777444891686631,,-2.005730659025795,,0.6130790190735702,,0.04794003137891245,98.88776815801033,100.27077025668052,98.70556112589468,96.87585659823858,98.64577644900349,98.88660612899093
2016-03-01,238.08,248.029,285.122,191.583,12537.0,13806.0,0.36,91.0,5.0,,0.31347962382444194,,-0.23209415701953562,,0.2179246543082325,,1.4826468344774968,,-0.13939224979091502,,0.23377717115102836,99.19776116164046,100.03804765771629,98.92066487876129,98.31218341946533,98.5082718818875,99.11778043944655
2016-04-01,238.992,248.235,285.853,194.491,12611.5,13822.6,0.37,89.0,5.1,,0.38306451612901693,,0.08305480407533317,,0.2563814788055563,,1.5178799789125508,,0.594241046502364,,0.12023757786470135,99.57775258544513,100.12113406219918,99.17427914222175,99.80444436842117,99.09364846760982,99.23695725788019
2016-05-01,239.557,247.856,286.855,195.474,12652.7,13834.7,0.37,94.7,4.8,,0.23640958693178504,,-0.15267790601648512,,0.3505298177734817,,0.5054218447126058,,0.3266859612258699,,0.0875378004138172,99.81316393900832,99.96827121123307,99.52191456217713,100.3088778322532,99.41737350562,99.32382710746134
2016-06-01,240.222,247.683,287.819,197.236,12731.2,13868.1,0.38,93.5,4.9,,0.2775957287827202,,-0.06979859273126277,,0.33605828728799914,,0.9013986514830652,,0.6204209378235515,,0.24142193180913818,100.0902410188659,99.89849476474986,99.85636620373101,101.21306070435092,100.03417970668312,99.56361660961093
2016-07-01,240.101,247.658,288.524,194.654,12756.7,13924.8,0.39,90.0,4.8,,-0.05037007434789409,,-0.01009354699353926,,0.24494560817736044,,-1.3090916465553937,,0.2002953374387273,,0.4088519696281212,100.03982549004971,99.88841146323495,100.10095998723254,99.88808898144723,100.23454350448068,99.97068441715233
2016-08-01,240.545,247.746,289.367,194.205,12788.1,13960.5,0.4,89.8,4.9,,0.18492217858316895,,0.03553287194437704,,0.29217673399786204,,-0.2306656940006313,,0.24614516293397504,,0.2563771113409219,100.22482131479671,99.92390468456745,100.39343170282376,99.65768142777421,100.48126598490592,100.22698637004879
2016-09-01,241.176,247.772,290.369,195.762,12846.6,14019.0,0.4,91.2,5.0,,0.26232097944252075,,0.010494619489298529,,0.34627307191215095,,0.8017301305321745,,0.45745654162854255,,0.4190394326850866,100.48773204771419,99.93439131814296,100.74106712277914,100.45666708717043,100.94092410926505,100.64697696513119
2016-10-01,241.741,247.812,291.378,197.151,12867.0,14073.7,0.4,87.2,4.9,,0.23426874979268764,,0.016143874206941966,,0.3474888848327362,,0.7095350476599149,,0.15879688010835835,,0.3901847492688626,100.72314340127741,99.95052460056682,101.09113113349268,101.16944234786496,101.10121514750313,101.03968611984926
2016-11-01,242.026,247.741,292.227,197.331,12893.0,14116.1,0.41,93.8,4.7,,0.11789477167711837,,-0.028650751376047,,0.29137409138644266,,0.0913005767152919,,0.20206730395586625,,0.30127116536518006,100.84189072121636,99.92188802426448,101.38568449830518,101.2618106321882,101.30550764721829,101.34408955970385
2016-12-01,242.637,247.725,293.066,199.146,13005.9,14180.1,0.54,98.2,4.7,,0.2524522158776188,,-0.00645835772037362,,0.287105572038171,,0.9197743892241927,,0.875668967656873,,0.4533830165555752,101.09646830887498,99.91543471129492,101.67676844774887,102.19319083244778,102.19260854021222,101.80356645005043
2017-01-01,243.618,248.065,293.769,202.082,13063.7,14294.2,0.65,98.5,4.7,2.5103933482571117,0.4043076694815628,-0.11596397063856623,0.13724896558684474,3.5440619779073312,0.23987770672819764,4.897014243594544,1.4742952406777032,4.693861195704452,0.444413689171852,3.8279388691963456,0.8046487683443626,101.50520908382276,100.05256761189776,101.92066834817666,103.69982018118722,102.64676648188673,102.62272759362139
2017-02-01,244.006,248.735,294.543,201.566,13088.4,14356.4,0.66,96.3,4.6,2.8103616813294208,0.15926573570097524,0.05188933493158743,0.2700905004736631,3.5293249256595827,0.2634723200882316,6.770700906856519,-0.25534189091556136,4.252658409335286,0.18907353965567086,4.2297695625027165,0.43514152593358,101.66687210184493,100.3228000924975,102.18920109772303,103.43503109946055,102.84084435661613,103.06928169642696
2017-03-01,243.892,249.244,295.012,201.165,13139.9,14408.5,0.79,96.9,4.4,2.44119623655914,-0.04672016261895173,0.4898620725802161,0.20463545540434502,3.4686905956046843,0.1592297219760841,5.0014876058940505,-0.19894228193247931,4.808965462231796,0.39347819443171783,4.364044618281904,0.362904349279769,101.61937317386933,100.52809611134117,102.35191667852051,103.22925508827372,103.24550065412888,103.44332460247469
2017-04-01,244.193,249.589,295.741,200.904,13169.2,14468.8,0.9,97.0,4.4,2.176223471915395,0.12341528217407749,0.545450883235632,0.13841857777920907,3.4591205969501715,0.2471085921928573,3.297324811945024,-0.1297442398031423,4.422154382904497,0.22298495422341524,4.674952613835304,0.4185029669986351,101.74478701001541,100.66724567224699,102.6048370589072,103.09532107600499,103.4757225865002,103.87623798509809
2017-05-01,244.004,249.972,296.461,198.623,13171.9,14563.6,0.91,97.1,4.4,1.8563431667619756,-0.07739779600562935,0.8537215157188083,0.1534522755409995,3.3487301946976578,0.24345626747730442,1.610955932758329,-1.1353681360251722,4.103471986216367,0.02050238435136187,5.268636110649316,0.6552029193851672,101.66603878731904,100.82172185145551,102.85463496546197,101.92480965077517,103.49693757685523,104.55683812892393
2017-06-01,244.163,249.77,297.215,198.062,13225.2,14583.9,1.04,95.0,4.3,1.640565809959127,0.0651628661825221,0.8426093030204029,-0.08080905061367272,3.2645516800489105,0.25433362229769774,0.4187876452574679,-0.28244463128639374,3.880231242930754,0.40464929129435667,5.161485711813429,0.13938861270563763,101.73228729212708,100.740248775215,103.1162288842707,101.63692849796769,103.91573720127134,104.70257845508073
2017-07-01,244.243,250.185,297.676,196.903,13263.3,14630.7,1.15,93.4,4.3,1.7251073506566073,0.03276499715354486,1.020358720493597,0.16615286063177415,3.1720064881950893,0.15510657268307249,1.1553833982348216,-0.5851703002090369,3.971246482240698,0.2880863805462264,5.069372630127544,0.3209018163865762,101.76561987316259,100.90763158036258,103.27616893277313,101.0421793783529,104.2151042873924,105.03857093114665
2017-08-01,245.183,250.469,298.904,199.59,13294.6,14681.5,1.16,96.8,4.4,1.92812155729698,0.38486261632881824,1.0991095719002475,0.11351599816136204,3.2958146575110314,0.4125290584393815,2.772843129682556,1.364631315927145,3.960713475809552,0.23598953503276565,5.164571469503243,0.3472151024899617,102.15727770032967,101.02217788557202,103.70221314006376,102.42103260044517,104.46104102743412,105.40328071285923
2017-09-01,246.435,250.826,299.711,204.503,13417.3,14764.1,1.15,95.1,4.3,2.1805652303711787,0.5106389920997767,1.2325847956992764,0.1425326088258405,3.2172855917814935,0.2699863501324895,4.465115803884312,2.461546169647777,4.442420562639127,0.9229311148887476,5.314929738212437,0.5626128120423735,102.67893259353522,101.166167431205,103.98219496032723,104.94217360533511,105.42514447801301,105.99629307446274
2017-10-01,246.626,251.048,300.814,203.282,13447.5,14826.3,1.15,100.7,4.2,2.020757753132485,0.07750522450138408,1.3058286120123386,0.08850757098546325,3.2384050957862343,0.36802119374999,3.10979908800868,-0.5970572558837595,4.511541151783627,0.225082542687427,5.347563185232018,0.42129218848421246,102.75851413075748,101.25570714865744,104.36487147550766,104.31560874334231,105.66243807383601,106.4428471772683
2017-11-01,247.284,251.195,301.43,205.698,13540.6,14870.2,1.16,98.5,4.2,2.172493864295566,0.2668007428251684,1.39419797288296,0.05855453937095856,3.1492640994843057,0.2047777031654041,4.2400839199112195,1.1884967680365177,5.022880632901572,0.6923219929354962,5.342127074758607,0.2960954520008441,103.03267460977443,101.31499696156514,104.57858746222675,105.55539638181457,106.39396237089302,106.7580196067404
2017-12-01,247.805,251.716,302.428,206.332,13666.1,14918.8,1.3,95.9,4.1,2.129930719552253,0.21068892447551058,1.6110606519325943,0.2074085869543607,3.194502262289056,0.3310884782536494,3.6084079017404402,0.30821884510301434,5.076157743793197,0.926842237419323,5.209413191726431,0.326828152950176,103.24975304376811,101.525132965136,104.92483511603459,105.88073800548649,107.38006655221048,107.10693487034733
2018-01-01,248.859,252.377,303.213,208.964,13703.3,15064.6,1.41,95.7,4.0,2.151318868063945,0.42533443635115464,1.7382540866305307,0.26259753055031254,3.2147707892936417,0.25956591320910327,3.405548242792533,1.2756140588953802,4.896009553189362,0.2722064085584064,5.38959857844441,0.9772903986915882,103.68890979891079,101.79173545719034,105.19718422248667,107.23136758514667,107.67236197487988,108.15368066116808
2018-02-01,249.529,252.264,303.784,210.466,13738.7,15132.0,1.42,99.7,4.1,2.263468931091861,0.26922876006090224,1.4187790218505691,-0.04477428608787859,3.1374026882322825,0.18831646400383484,4.4154272049849785,0.7187840967822323,4.968521744445464,0.25833193464348536,5.402468585439246,0.4474065026618623,103.96807016508308,101.74615893434293,105.39528784004605,108.0021296021108,107.95051407064594,108.63756726131429
2018-03-01,249.577,252.365,304.812,208.649,13793.2,15202.6,1.51,101.4,4.0,2.3309497646499366,0.0192362410782021,1.2521866123156533,0.04003742111438058,3.3218987702195113,0.3383983356595621,3.7203290830909896,-0.8633223418509473,4.971879542462276,0.3966896431248923,5.511330117638891,0.4665609304784546,103.98806971370438,101.78689547246319,105.75194373996038,107.06972308758095,108.37874257966426,109.14442770597783
2018-04-01,250.227,252.867,305.72,209.542,13838.4,15271.7,1.69,98.8,4.0,2.4709963021052994,0.2604406656061986,1.3133591624630903,0.1989182335109696,3.3742362404942217,0.2978885345721327,4.299565961852436,0.42799150726817725,5.081553928864313,0.327697706116048,5.549181687493099,0.45452751503032296,104.25889693461781,101.98936816688267,106.06696665544891,107.52797240925136,108.73389723301523,109.64051916102389
2018-05-01,250.792,252.864,306.808,210.576,13905.0,15349.7,1.7,98.0,3.8,2.781921607842497,0.2257949781598212,1.1569295761125309,-0.0011863944286871764,3.4901724004169132,0.3558811984822663,6.017933471954406,0.4934571589466419,5.565635937108548,0.48126951092613,5.397703864429126,0.5107486396406458,104.494308288181,101.98815817070088,106.44443904757608,108.058576886975,109.25720032843948,110.20050662113377
2018-06-01,251.018,253.167,307.183,210.83,13930.4,15425.7,1.82,98.2,4.0,2.8075506935940187,0.09011451720948305,1.3600512471473758,0.11982725892178969,3.3538011204010676,0.12222627832390032,6.4464662580404175,0.12062153331815484,5.3322445029186705,0.18266810499820707,5.772118569107043,0.4951236831990169,104.58847282960629,102.11036778506167,106.5745421239067,108.18891879929784,109.45677838585353,110.74613542842029
2018-07-01,251.214,253.598,308.05,210.467,13974.8,15508.8,1.91,97.9,3.8,2.854124785561929,0.07808204989283585,1.3641904990307152,0.17024335715161154,3.4849971109528477,0.28224218137071766,6.888671071542851,-0.1721766352037135,5.364426650984289,0.31872738758398356,6.001763415284289,0.538711371282985,104.67013765314323,102.2842039031788,106.87534043638307,108.00264275924592,109.80564711613634,111.34273745322965
2018-08-01,251.663,253.949,309.004,211.843,14014.0,15574.8,1.91,96.2,3.8,2.6429238568742575,0.17873207703393845,1.3893934977981415,0.1384080316090719,3.3790113213607142,0.309689985391981,6.139085124505228,0.6537842036993702,5.411219592917416,0.28050490883591017,6.084528147668822,0.42556484060662925,104.85721676420499,102.42577345644821,107.20632266256813,108.70874697718374,110.11365734647616,111.81657299639953
2018-09-01,252.182,254.302,309.522,212.734,14017.8,15605.6,1.95,100.1,3.7,2.332055105808828,0.2062281702117419,1.3858212466012265,0.1390042882625897,3.2734867922765476,0.16763537041590837,4.024879830613748,0.42059449686797645,4.475565128602632,0.02711574140144002,5.699636279895159,0.19775534838328834,105.07346188367276,102.5681496738388,107.3860383786728,109.1659699845839,110.1435154810499,112.03769624987882
2018-10-01,252.772,254.17,310.401,213.82,14083.1,15670.2,2.19,98.6,3.8,2.492032470218053,0.2339580144498754,1.2435868837831654,-0.05190678799222859,3.1870192211798543,0.28398627561208034,5.18393168111293,0.5104966766008134,4.726529094627252,0.46583629385497094,5.691912344954586,0.41395396524324113,105.31928966880955,102.51490984184007,107.69099998959175,109.72325863333425,110.65660395148839,112.50148073607238
2018-11-01,252.594,254.887,311.247,211.019,14162.9,15717.7,2.2,97.5,3.8,2.147328577667773,-0.07041919199911595,1.4697744779951893,0.28209466105362235,3.25680920943503,0.2725506683290302,2.5868020107147283,-1.3099803573098812,4.595808162119841,0.5666366069970286,5.699318099285811,0.3031231254227773,105.24512467600557,102.80409892928783,107.98451252979359,108.28590549783725,111.28362477753724,112.84249874062647
2018-12-01,252.767,255.877,312.132,208.595,14051.6,15925.0,2.27,98.3,3.9,2.0023809043401064,0.06848935445813442,1.6530534411797415,0.3884074119119507,3.208697607364397,0.2843400900249593,1.0967760696353412,-1.148711727380003,2.8208486693350743,-0.7858560040669538,6.744510282328342,1.3188952582120717,105.31720638249485,103.20339766927846,108.29155578993384,107.04201260228396,110.40909573067962,114.3307731057646
2019-01-01,252.561,256.533,312.998,205.719,14084.6,15947.1,2.4,91.2,4.0,1.4875893578291333,-0.08149798035343991,1.6467427697452575,0.2563731793009838,3.2271043787700293,0.277446721258956,-1.5528990639536056,-1.378748292145071,2.7825414316259733,0.23484870050385354,5.858104430253697,0.13877551020409218,105.23137498632845,103.46798350102986,108.59200716087332,105.56617268165228,110.66839005724118,114.48943621946242
2019-02-01,253.319,257.253,314.072,207.495,14117.4,16001.2,2.4,93.8,3.8,1.5188615351321877,0.3001255142321968,1.977690039006741,0.28066564535556005,3.386616806678444,0.3431331829596429,-1.4116294318322176,0.8633135490645039,2.7564471165393956,0.23287846300212856,5.7441184245307975,0.3392466341842759,105.54720119163976,103.75838258465939,108.96462237148418,106.4775397536418,110.92611290303572,114.87783777833349
2019-03-01,254.277,257.681,315.051,210.097,14248.6,16043.6,2.41,98.4,3.8,1.8831863513063984,0.37817929172307974,2.106472767618328,0.16637318126513367,3.3591197196960687,0.311711964135597,0.6939884686722797,1.254006120629425,3.301626888611775,0.9293495969512788,5.531948482496407,0.2649801264905216,105.94635884953985,103.93100870659475,109.30427813609127,107.8127746192481,111.9570042862138,115.18224121818807
2019-04-01,255.233,257.325,316.172,213.037,14290.0,16055.6,2.42,97.2,3.7,2.000583470209061,0.3759679404743643,1.7629821210359609,-0.13815531606908849,3.4188146015962317,0.35581540766416175,1.6679233757432854,1.3993536318938293,3.263383050063595,0.29055486153024557,5.13302382838845,0.07479618040837632,106.34468319291406,103.78742249302235,109.69319959893559,109.32145659652805,112.28230080499102,115.26839313512806
2019-05-01,255.296,257.818,317.03,211.761,14353.3,16065.5,2.39,100.0,3.6,1.7959105553606136,0.02468332856644384,1.9591559098962152,0.19158651510735591,3.3317253787384926,0.27137127892411517,0.5627421928424914,-0.598956988692112,3.2240201366414922,0.4429671098670429,4.663283321498124,0.06166072896682806,106.37093260047949,103.98626519889649,109.99087543757999,108.66666809210315,112.7796744677591,115.33946846660355
2019-06-01,255.213,257.952,317.949,209.25,14408.7,16103.7,2.38,98.2,3.6,1.671194894390049,-0.03251128102280676,1.8900567609522634,0.051974648783259525,3.504751239489168,0.28987792953349967,-0.7494189631456649,-1.1857707509881354,3.433497961293286,0.38597395720845196,4.395262451622939,0.23777660203541107,106.33635004765519,104.04031169501644,110.30971470997422,107.37813052579364,113.21497464022912,115.61371873552915
2019-07-01,255.802,258.059,318.777,209.934,14496.0,16145.0,2.4,98.4,3.7,1.826331335037068,0.23078761661827762,1.7590832735274065,0.04148058553530287,3.4822269112157134,0.26041912382173127,-0.25324635215973057,0.32688172043011665,3.7295703695222837,0.6058839451164921,4.102187145362635,0.2564628004744218,106.58176117552902,104.08346822550027,110.5969823025122,107.72913000622202,113.90092599504197,115.91022491633089
2019-08-01,256.036,258.288,319.37,209.27,14558.2,16238.4,2.13,89.8,3.6,1.7376412106666406,0.09147700174354512,1.7086107840550646,0.08873939680460463,3.3546491307555826,0.1860234584051046,-1.2145787210339654,-0.3162898815818216,3.883259597545319,0.4290838852097245,4.2607288697126044,0.5785072777949818,106.67925897505785,104.1758312673769,110.802718633883,107.38839366849622,114.38965651359135,116.58077400318041
2019-09-01,256.43,258.865,320.436,209.085,14590.6,16282.7,2.04,93.2,3.5,1.6844977040391562,0.1538846099767177,1.794323284913224,0.2233940407607049,3.52608215248027,0.3337821335754665,-1.7152876362029557,-0.0884025421704071,4.086233217766,0.22255498619334624,4.338827087712116,0.2728101290767615,106.84342193665768,104.40855386634114,111.17255831219882,107.2934595984973,114.6442363978518,116.89881816321717
2019-10-01,257.155,259.434,320.862,210.25,14617.4,16332.8,1.83,95.5,3.6,1.7339736996186295,0.2827282299262768,2.0710548058386236,0.21980569022463925,3.3701566683097095,0.1329438639853242,-1.669628659620237,0.5571896597077686,3.7939090115102436,0.1836799034995007,4.228408061160671,0.3076885283153086,107.14549845229186,104.63804980882061,111.32035540691038,107.89128766092287,114.85481482063511,117.25850241644157
2019-11-01,257.879,260.048,321.611,211.286,14711.0,16400.2,1.55,96.8,3.6,2.092290394862917,0.281542260504386,2.0248188412904655,0.23666905648449532,3.329831291546581,0.2334336880029264,0.1265288907633888,0.49274673008323777,3.869970133235423,0.6403327541149695,4.342238368209084,0.4126665360501658,107.44715831066314,104.88569569402692,111.58021461803472,108.42291845291676,115.59026781960972,117.7423890165878
2019-12-01,258.63,260.483,322.247,213.354,14774.8,16358.1,1.55,99.3,3.6,2.3195274699624457,0.29122185210892493,1.8000836339334914,0.16727681043500198,3.2406161495777352,0.1977544300412637,2.2814544931565983,0.9787681152561012,5.146744854678453,0.4336890762014711,2.719623233908952,-0.2567041865343178,107.76006791513386,105.06114514038644,111.80086943549144,109.48412740836405,116.09157018429539,117.44013937465671
2020-01-01,259.127,261.293,323.487,213.14,14868.3,16552.7,1.55,99.8,3.6,2.599767976845202,0.19216641534238743,1.8555117665173704,0.31096079206704985,3.3511396238953717,0.38479799656785385,3.607347887166479,-0.10030278316789376,5.564233276060371,0.6328342854048818,3.7975556684287426,1.189624711916415,107.9671465748169,105.38784410946971,112.23107694122464,109.37431178144637,116.8262374428865,118.8372362943667
2020-02-01,259.25,261.962,324.483,211.402,14828.1,16625.5,1.58,101.0,3.5,2.3413166797595197,0.04746707213065804,1.8304937163026391,0.25603441347452627,3.314845003693412,0.30789490767788585,1.8829369382394656,-0.8154264802477273,5.034213098729223,-0.2703738826900115,3.901582381321389,0.4398074030218524,108.01839541815896,105.65767325800883,112.57663071195874,108.48244468059174,116.5103698087115,119.35989125713593
2020-03-01,258.076,262.622,324.54,204.709,13812.8,16370.4,0.65,89.1,4.4,1.4940399642909163,-0.4528447444551498,1.9174871255544845,0.2519449385788963,3.0118933125113267,0.017566405636038063,-2.5645297172258497,-3.1660059980511024,-3.058546102775017,-6.847134831839552,2.0369493131217498,-1.5343899431596086,107.52923979146306,105.9238724180026,112.59640637956099,105.04788397517176,108.53274769483414,117.52844508952019
2020-04-01,256.032,266.37,324.391,192.375,12249.2,18703.3,0.05,71.8,14.8,0.3130472940411133,-0.7920147553434065,3.51501020110756,1.42714624060436,2.5995344306263712,-0.0459111357613895,-9.698784718147557,-6.025138122896401,-14.281315605318401,-11.319935132630599,16.49081940257604,14.250720813175,106.67759234600607,107.43556098111868,112.54471209056562,98.71860387048768,96.24691105811729,134.27709567529337
2020-05-01,255.802,268.086,324.973,188.733,13281.5,17780.7,0.05,72.3,13.2,0.1982013035848551,-0.08983252093487382,3.982654430644894,0.6442166910688218,2.505441125445551,0.17941311565363716,-10.874523637496992,-1.8931773879142244,-7.467272334585074,8.427489142148058,10.676293921757818,-4.932819342041239,106.58176117552902,108.12767879710248,112.74663206503072,96.849685584347,104.35810903719303,127.65344912789129
2020-06-01,257.042,269.553,325.425,192.554,14049.2,17774.4,0.08,78.1,11.0,0.7166562831830481,0.4847499237691677,4.497348343877938,0.5472124616727303,2.3513204947963384,0.13908847811971992,-7.978972520908001,2.0245532047919568,-2.4950203696377904,5.7802206076120966,10.374634400789894,-0.035431675918262684,107.09841618157922,108.71936692999769,112.90344963970122,98.81045899767582,110.39023796147515,127.60821937149782
2020-07-01,258.352,268.532,326.249,197.289,14307.2,17987.1,0.09,72.5,10.2,0.9968647625897997,0.5096443382793581,4.05837424774953,-0.378775231587114,2.3439583156877886,0.25320734424214564,-6.0233216153648295,2.459050448185951,-1.3024282560706313,1.8364034962844888,11.409724372870844,1.1966648663245927,107.6442371960355,108.30756489612854,113.18932946609168,101.24025803251277,112.41744815095645,129.13526209925894
2020-08-01,259.316,268.957,326.782,199.971,14462.2,17344.6,0.1,74.1,8.4,1.2810698495523853,0.3731343283582156,4.130660348138515,0.15826791592807865,2.320819112627981,0.16337214826711577,-4.443541835905773,1.359427033438254,-0.6594221813136292,1.0833706106016638,6.8122475120701464,-3.5720043809174373,108.04589479751323,108.47898102188212,113.37424930524958,102.6165454689294,113.63534574541225,124.5225448797642
2020-09-01,259.997,269.043,327.043,202.572,14668.1,17471.8,0.09,80.4,7.8,1.3910228912373812,0.2626139536318739,3.9317791126648904,0.03197537152779262,2.0618781909648165,0.07986976026832515,-3.115001076117374,1.3006885998469775,0.5311639000452395,1.4237114685179186,7.302842894605921,0.7333694636947552,108.32963839357792,108.51366757909342,113.46480104637568,103.95126717740055,115.2531851950797,125.43575519932797
2020-10-01,260.319,269.653,327.421,203.23,14725.8,17424.0,0.09,81.8,6.9,1.2303863428671624,0.1238475828567287,3.93895942706044,0.22672955624194469,2.0441809874650163,0.11558113153316008,-3.338882282996436,0.32482277906127344,0.7415819502784249,0.3933706478685073,6.68103448275863,-0.2735837177623379,108.46380203224581,108.75970013605736,113.59594494731692,104.2889245723156,115.70655739637066,125.09258339685039
2020-11-01,260.911,269.636,327.801,204.355,14701.6,17239.3,0.09,76.9,6.7,1.1757452138405844,0.2274132890799363,3.6870116286224164,-0.0063043986159971865,1.9246854118795786,0.11605853014926559,-3.280387720909106,0.5535600059046297,-0.06389776357826893,-0.16433742139645435,5.11640101949975,-1.0600321395775936,108.71046313190848,108.75284349102724,113.72778273133193,104.866226349336,115.51640822355887,123.76656180861588
2020-12-01,262.045,270.781,328.217,208.196,14822.0,17327.5,0.09,80.7,6.7,1.3204191315779434,0.4346309661148906,3.953424983588172,0.42464656054828076,1.852616160895204,0.12690626325118082,-2.417578297102474,1.8795723128868902,0.3194628692097412,0.8189584807095862,5.926116113729596,0.511621701577214,109.18295246808667,109.21465870041034,113.8721104106747,106.83726290536741,116.46243964531679,124.39977839812472
2021-01-01,262.687,271.195,328.535,210.632,15073.0,19306.1,0.09,79.0,6.4,1.3738437137002402,0.24499608845809373,3.78961548912522,0.15289108172287236,1.5604954758614786,0.09688712041120429,-1.1766913765600018,1.170051297815533,1.3767545718071483,1.6934286870867732,16.6341442785769,11.418842879815315,109.45044643089655,109.38163817349734,113.98243781940305,108.08731368654225,118.4346480079517,138.60479363624503
2021-02-01,263.579,271.425,329.124,212.904,14983.5,17776.2,0.08,76.8,6.2,1.6698167791706853,0.33956762230333837,3.6123559905635316,0.08480982318996855,1.4302752378398953,0.17928074634361302,0.7104946973065518,1.078658513426256,1.048010196855964,-0.5937769521661251,6.921295600132327,-7.924438389938926,109.82210470944234,109.47440454743456,114.18678638462634,109.25320669755587,117.7314103647014,127.62114215903881
2021-03-01,264.961,271.636,329.947,217.471,15709.7,21959.4,0.07,84.9,6.1,2.6678187820641908,0.524320981565296,3.43230955517817,0.07773786497191626,1.6660504098108042,0.250057729001818,6.234215398443643,2.1450982602487567,13.732914398239316,4.84666466446424,34.14088843278114,23.532588517230902,110.39792504683055,109.55950761222044,114.4723192694799,111.59679533369112,123.43745702982278,157.6537004043157
2021-04-01,266.614,272.715,331.208,220.736,15917.5,18741.2,0.07,88.3,6.1,4.133077115360573,0.6238653990587206,2.382025002815613,0.39722275397957585,2.1014763048296636,0.3821825929618994,14.742560103963598,1.5013496052347142,29.94726186199914,1.322749638758225,0.20263803713784778,-14.655227374154123,111.0866595024765,109.99470290560416,114.90981254748762,113.27225337988808,125.0702255467771,134.5491921462955
2021-05-01,268.383,273.932,332.111,225.784,15973.5,18299.5,0.06,82.9,5.8,4.918257089467626,0.6635060424433847,2.1806435248390432,0.44625341473700786,2.1964901699525807,0.2726383420690315,19.63143700359766,2.2868947521020644,20.268794940330537,0.3518140411496784,2.917770391491903,-2.3568394766610545,111.82372620062392,110.48555802335025,115.22310075529172,115.86267059802049,125.51024016154821,131.37808367026307
2021-06-01,270.654,275.997,333.835,233.169,16191.7,18306.9,0.08,85.5,5.9,5.295632620349999,0.8461787818155431,2.390624478302983,0.753836718601697,2.58431282169469,0.5191035527278398,21.09278436178943,3.2708252134783677,15.249978646470975,1.3660124581337918,2.9958817175263386,0.04043826334052536,112.76995484476913,111.31843872848223,115.82122796487565,119.65233604094993,127.22472567838861,131.4312106857094
2021-07-01,271.903,277.813,335.446,234.485,16239.7,18511.8,0.1,81.2,5.4,5.245169381309234,0.4614747980816958,3.4561988887730433,0.6579781664293405,2.8190124720688825,0.4825737265415686,18.85356000587972,0.5643974970943821,13.507185193469029,0.2964481802404828,2.9170905815834702,1.1192501188076465,113.29035976618584,112.05088975052568,116.38015078079194,120.32765083078003,127.60188106247814,132.90225466745954
2021-08-01,272.676,279.01,336.022,234.588,16412.9,18547.5,0.09,70.3,5.1,5.152015301793966,0.2842925602144719,3.737772208940471,0.4308653662715489,2.8275731221425904,0.17171169130052455,17.311010096463985,0.04392605070686617,13.488265962301726,1.0665221648183287,6.935299747471846,0.19284996596766746,113.61243583044131,112.53367822705982,116.57998910603573,120.38050601569832,128.9627834067346,133.158556620356
2021-09-01,273.91,281.366,337.357,235.77,16489.6,18401.3,0.08,72.8,4.7,5.351215590949132,0.4525517463950024,4.5803087238842854,0.8444141787032677,3.1537137318334407,0.39729541518116473,16.388247141757017,0.5038620901324897,12.418104594323731,0.4673153434188837,5.320001373642103,-0.7882463943927775,114.12659089291388,113.48392856182544,117.0431560577727,120.98705774942108,129.56544628089432,132.10893909897058
2021-10-01,276.55,283.972,338.948,241.059,16704.2,18529.1,0.08,71.7,4.5,6.235042390298062,0.9638202329232071,5.310157869558263,0.9261957734765458,3.5205438869223338,0.471607229137061,18.613885745214787,2.243287950120876,13.43492373928752,1.3014263535804593,6.342401285583099,0.6945161483155937,115.2265660670853,114.53501191174018,117.59514004295136,123.70114583711964,131.251645143928,133.02645701438135
2021-11-01,278.919,286.151,340.544,248.066,16849.8,18600.5,0.08,67.4,4.1,6.901970403700863,0.8566262881938069,6.12492397157649,0.7673291732987808,3.8874195014658275,0.4708686878223123,21.389738445352457,2.9067572668931785,14.61201501877345,0.8716370733109047,7.895912247017001,0.385339816828667,116.21362712299896,115.41387247178021,118.14885873581443,127.29683788297024,132.39568314233296,133.53906092017422
2021-12-01,280.845,287.812,341.931,253.118,16891.0,18631.4,0.08,70.6,3.9,7.174340285065539,0.6905230550805275,6.289584572034235,0.5804627626672554,4.178333236852438,0.4072895132493981,21.576783415627588,2.036554787838707,13.958979894751057,0.24451328799155458,7.52503246284808,0.1661245665439237,117.01610901142858,116.08380702443117,118.63006664746922,129.88930772964315,132.71940818034312,133.7609021062947
2022-01-01,282.543,290.077,342.858,254.579,16993.8,18277.5,0.08,67.2,4.0,7.558805726967832,0.6046039630400957,6.9625177455336695,0.7869720512000855,4.359657266349082,0.2711073286715715,20.86435109574993,0.5772011472909844,12.74331586280104,0.6086081345094918,-5.327849746971158,-1.8994815204439908,117.723593043907,116.99735414168248,118.95168145215848,130.63903030406698,133.52714929460157,131.22013848920645
2022-02-01,284.5,292.899,344.705,257.835,17106.0,18387.6,0.08,62.8,3.9,7.937278766517819,0.6926379347568234,7.9115777839182,0.9728451411177064,4.7340819873360696,0.5387069865658622,21.103877804080696,1.278974306600289,14.165582140354394,0.6602407937012389,3.4394302494346274,0.6023799753795522,118.53899130748786,118.13555721668611,119.59248247077885,132.3098699360478,134.40875000491087,132.01058232713075
2022-03-01,287.674,295.546,346.396,266.618,17347.2,18457.9,0.2,59.4,3.7,8.572204966013853,1.115641476274165,8.80222061876923,0.9037244920603982,4.985346131348378,0.4905643956426564,22.599335083758287,3.4064421044466497,10.423496311196256,1.4100315678709174,-15.94533548275454,0.3823228697600767,119.86146146007121,119.20317718108535,120.17916060964566,136.81692905388792,136.30395580996085,132.5152889738708
2022-04-01,288.561,298.339,348.23,264.563,17490.0,18511.9,0.33,65.2,3.7,8.231750770777225,0.30833512934780316,9.395889481693342,0.9450305536194081,5.139368614284678,0.5294518412452875,19.854939837634088,-0.770765664733819,9.879063923354803,0.8231876037631425,-1.2235075662177408,0.29255765823847923,120.23103645230229,120.32968362633167,120.81545138828656,135.76239114119733,137.42599307762723,132.90297260010072
2022-05-01,291.298,301.755,350.204,269.601,17574.5,18601.3,0.77,58.4,3.6,8.538171195642065,0.9484996239963239,10.15690025261744,1.1450061842400716,5.447877366302234,0.5668667260144034,19.406600999185073,1.9042723283301255,10.02285034588537,0.483133218982279,1.6492253886718267,0.48293260011127437,121.37142738097926,121.70746594532969,121.50031398209087,138.34767678797843,138.08994370170151,133.54480438130355
2022-06-01,294.957,304.834,352.616,278.932,17755.2,18734.1,1.21,50.0,3.6,8.979361103105798,1.2561019986405686,10.448301974296825,1.0203642027472704,5.625833121152657,0.6887414192870311,19.626536975326903,3.4610405747753203,9.65618187095858,1.028194258727133,2.333546367762951,0.7139285963884134,122.8959763060903,122.94932535990665,122.33713696904933,143.1359460158694,139.50977657472194,134.49821892877267
2022-07-01,294.913,308.193,354.68,272.71,17770.1,18975.2,1.68,51.5,3.5,8.462576727730099,-0.014917428642136077,10.935413389582195,1.1019112041307677,5.733858802907177,0.5853392926015832,16.301682410388718,-2.230651198141498,9.423819405530875,0.08391907722806735,2.503268185697771,1.286958007056671,122.8776433865208,124.30411775145065,123.053224301173,139.94308232109523,139.62685189186638,136.2291545266251
2022-08-01,295.097,310.794,357.048,265.977,17916.5,19141.5,2.33,58.2,3.6,8.222579178218826,0.062391281496565476,11.39170639045195,0.8439516796293178,6.257328389212624,0.6676440735310596,13.380479819939639,-2.468923031792014,9.161086706188426,0.8238558027248155,3.202587949858482,0.8764070997934192,122.95430832290243,125.35318444106242,123.87478186050869,136.48799533027005,140.7771758133395,137.423076508885
2022-09-01,296.349,312.901,359.601,265.46,17992.8,19276.0,2.56,58.6,3.5,8.192106896425821,0.42426727482827165,11.207821840591969,0.6779410155923316,6.59360855117872,0.7150299119446091,12.592781100224792,-0.19437770935081256,9.116048903551333,0.4258644266458278,4.753468504942582,0.7026617558707482,123.47596321610797,126.20300509273949,124.76052360416745,136.22269309140825,141.3766957259652,138.3886959112539
2022-10-01,298.007,315.038,362.353,268.123,18109.6,19428.1,3.08,59.9,3.6,7.758813957693,0.5594754832984217,10.939810967278474,0.6829636210814227,6.905188996542244,0.7652926437913266,11.227126968916323,1.003164318541394,8.413452904060037,0.6491485483081982,4.851827665671826,0.7890641211869553,124.16678095806866,127.06492570623445,125.71530671366568,137.5892305422574,142.2944404939164,139.48067145846815
2022-11-01,298.786,316.62,364.695,267.391,18108.0,19509.7,3.78,56.7,3.6,7.122856456533988,0.2614032556282231,10.64787472348514,0.5021616439921495,7.091888272881031,0.6463310639072795,7.790265493860504,-0.2730090294379761,7.467150945411816,-0.008835092989345483,4.888040644068714,0.4200101914237697,124.49135696590182,127.70299702609829,126.52784379304242,137.21359951934284,142.28186864778007,140.06650449366003
2022-12-01,298.832,317.813,367.466,262.161,18116.5,19625.4,4.1,59.8,3.5,6.404600402357152,0.01539563433359259,10.423818325851597,0.3767923694018016,7.467880946740735,0.759812994420006,3.572642008865423,-1.9559371856195717,7.255343082114729,0.04694057874972124,5.335079489464012,0.5930383347770629,124.51052319999722,128.18417217439003,127.4892187917414,134.5297877026169,142.34865658037927,140.89715255948965
2023-01-01,300.42,319.3,369.911,263.597,18449.1,20121.6,4.33,64.9,3.5,6.327178517960097,0.5314022594635093,10.074221672176709,0.4678852029338154,7.890438607236816,0.6653676802751862,3.542318887260909,0.5477550055118741,8.563711471242442,1.8358954544200001,10.089454247025031,2.528356109939156,125.17217493355186,128.7839269484972,128.33749084941698,135.26668134866247,144.9620290959664,144.4595343249578
2023-02-01,301.45,320.543,372.636,263.822,18491.6,20289.8,4.57,66.9,3.6,5.957820738137087,0.3428533386591992,9.438065681344089,0.3892890698402818,8.10287057048782,0.7366636839672314,2.322027653344194,0.0853575723547717,8.100081842628315,0.23036354076892973,10.34501511888446,0.8359176208651453,125.60133191438388,129.28526869981877,129.2829065374194,135.38214170406656,145.29596875896235,145.66709702739985
2023-03-01,301.821,320.554,374.678,263.521,18520.4,20438.8,4.65,62.0,3.5,4.917719362889961,0.12307181953890023,8.461626954856438,0.0034316768732889358,8.164643933532712,0.5479878487317347,-1.161586989625596,-0.11409207723388493,6.763051097583483,0.15574639295681258,10.731990096381484,0.7343591361176571,125.75591175893601,129.28970535248533,129.99136115573165,135.22768140639266,145.52226198941608,146.73681666273794
2023-04-01,302.845,321.213,376.404,265.284,18641.8,20553.0,4.83,63.7,3.4,4.950079879124369,0.3392739405144063,7.667116937443663,0.20558158687773442,8.09062975619561,0.46066222196126105,0.27252488065223623,0.6690168904944782,6.585477415666086,0.6554934018703662,11.025880649744213,0.5587412176840223,126.18256879619038,129.55550118041853,130.5901822483893,136.1323774356255,146.4761508150092,147.55669573895008
2023-05-01,303.334,322.009,378.304,265.15,18664.6,20660.8,5.06,59.0,3.6,4.131851231385042,0.1614687381333635,6.71206773707147,0.2478106427822091,8.023894644264473,0.5047767823933791,-1.6509582679589574,-0.05051190422340479,6.202736919969265,0.12230578592196117,11.071806809201501,0.5244976402471568,126.38631419776985,129.87655350065342,131.2493711684644,136.06361437951819,146.65529962245174,148.33062712612758
2023-06-01,304.014,322.365,380.155,265.787,18773.0,20739.2,5.08,64.2,3.6,3.070617072997095,0.224175331482801,5.750998904321691,0.11055591613899907,7.809912199106117,0.48928903738791885,-4.712618129149771,0.24024137280784785,5.732405154546272,0.5807785862006254,10.702942762128975,0.37946255711298615,126.66964113657157,130.0201397142258,131.89155995323227,136.3904954745955,147.5070421981873,148.8934863168021
2023-07-01,304.609,323.201,381.895,265.613,18884.2,20804.4,5.12,71.5,3.5,3.287749268428297,0.1957146710348745,4.86967582002189,0.25933336435406407,7.673113792714559,0.45770804014151345,-2.6023981518829453,-0.06546595582176407,6.269520149014363,0.5923400628562225,9.639951094059619,0.31438049683691904,126.91755220802308,130.35732531688458,132.4952382274063,136.30120613308304,148.38078550466142,149.36157839884268
2023-08-01,306.082,324.042,382.947,270.442,18953.3,20896.8,5.33,69.4,3.7,3.722504803505289,0.4835707415079771,4.2626305527133646,0.2602095909356672,7.2536465685286045,0.2754683879076847,1.6787165807570004,1.8180586040593028,5.786844528786306,0.3659143622710914,9.170127732936283,0.4441368172117377,127.53128835633918,130.69652757984628,132.86022072420576,138.77924193862214,148.92373210967364,150.02494815928048
2023-09-01,307.276,324.379,385.285,271.893,19048.1,20982.8,5.33,67.8,3.7,3.687206638119256,0.3900915440960384,3.668252897881441,0.10399886434475647,7.142360560732608,0.6105283498760938,2.423340616288705,0.5365290894165708,5.865123827308705,0.5001767502229137,8.8545341357128,0.4115462654569191,128.028777128294,130.83245048426738,133.671370037435,139.52383294169465,149.66861399325046,150.64237023068367
2023-10-01,307.696,325.442,386.771,270.239,19109.4,21065.7,5.33,63.8,3.9,3.2512659098611785,0.13668493471667986,3.3024587510078085,0.3277030880544096,6.738732672283665,0.3856885162931256,0.789190035916354,-0.608327540613407,5.520828731722416,0.3218168741239369,8.42902805729846,0.3950854985988572,128.20377317873036,131.26119246468156,134.18692516124108,138.6750710401909,150.15027284834818,151.23753639021072
2023-11-01,308.148,325.93,388.525,269.558,19178.9,21171.5,5.33,61.3,3.7,3.1333462745911866,0.14689823722116024,2.9404333270166116,0.1499499142704419,6.5342272309738325,0.45349832329724116,0.8104236866610881,-0.2519991563023738,5.9139606803622735,0.3636953541189092,8.517814215492802,0.5022382356152377,128.3921022615809,131.4580185102527,134.79546061693145,138.32561103116788,150.6963624148945,151.99710912456484
2023-12-01,308.741,326.434,390.139,269.187,19283.5,21267.0,5.33,69.7,3.8,3.3159099427102934,0.1924399963653789,2.7126014354353245,0.15463443070597993,6.170094648212343,0.4154172833151115,2.6800324991131497,-0.1376327172630698,6.4416415974388075,0.5453910286825625,8.364670274236442,0.45107810027631423,128.63918001850652,131.6612978687934,135.35542425745837,138.13522973403494,151.5182468560563,152.68273479687886
2024-01-01,309.698,327.424,392.322,267.931,19303.3,21480.9,5.33,79.0,3.7,3.0883429864855705,0.30996854969052023,2.544315690573118,0.30327723215104463,6.05848433812457,0.5595441624651754,1.644176527046981,-0.46659013993990417,4.630036153525108,0.10267845567453193,6.755427003816816,1.0057836084073957,129.03792101914365,132.060596608784,136.11279763247094,137.4907043723126,151.6738234519932,154.21839271633402
2024-02-01,310.967,327.707,394.078,270.904,19446.5,21571.0,5.33,76.9,3.9,3.157074141648697,0.40975401843086345,2.2349575563964885,0.08643227130571418,5.754140770081251,0.4475915192112545,2.684385684287127,1.1096140424213807,5.16396634147398,0.7418420684546234,6.314502853650605,0.41944238835429637,129.56665908581923,132.1747395819329,136.72202697123507,139.01632053505185,152.7990036811937,154.86525002602502
2024-03-01,312.345,327.774,395.827,274.332,19581.8,21674.2,5.33,79.4,3.9,3.4868349120836584,0.4431338373525273,2.2523506179926045,0.02044509272003392,5.644580146152167,0.4438207664472671,4.102519343809408,1.2653929067123482,5.730977732662357,0.6957550201835749,6.044386167485372,0.47842010106160515,130.1408127941557,132.20176282999284,137.32882771924102,140.77542319427488,153.8621104200961,155.60615651170886
2024-04-01,313.023,328.449,397.196,274.564,19665.7,21754.1,5.33,77.2,3.9,3.3607951262196734,0.21706766556210955,2.2527108180553146,0.20593457687310135,5.523852031328058,0.34585816530960933,3.4981378447249023,0.08456906230407402,5.492495359890137,0.42845907934920824,5.843915730063731,0.36864105710936457,130.42330641843154,132.47401197089556,137.803790683232,140.89447564962487,154.52134660186928,156.17978469200088
2024-05-01,313.175,328.949,398.689,272.306,19758.0,21847.5,5.33,69.1,3.9,3.244278584003113,0.04855873210594108,2.1552192640578394,0.15223063550200422,5.388523515479626,0.37588495352420814,2.698849707712614,-0.8223947786308639,5.8581485807357225,0.46934510340337354,5.7437272516069005,0.42934435347821154,130.48663832239896,132.67567800119386,138.32177439779622,139.73576683850303,155.24658497585813,156.85033377885037
2024-06-01,313.044,329.6,399.699,269.014,19844.5,21928.1,5.33,68.2,4.1,2.9702579486470926,-0.041829647960411886,2.24435034820778,0.19790301840103552,5.141060883060877,0.2533302900255663,1.2141301117060133,-1.2089340668218762,5.707665263942907,0.4377973479096964,5.732622280512256,0.3689209291680928,130.43205622095334,132.93824717264226,138.67218535004668,138.0464535496576,155.92625040760282,157.42898748763056
2024-07-01,313.569,330.329,401.139,268.745,19949.5,21953.2,5.33,66.4,4.2,2.9414757935583014,0.16770805381991494,2.205438720796038,0.22117718446601486,5.0390814229042125,0.36027110400576046,1.1791591526017164,-0.0999947958098879,5.641223880280877,0.5291138602635526,5.521908826978894,0.11446500152771932,130.65080128399882,133.2322762448172,139.1717811631562,137.9084142803078,156.7512778102987,157.60918858056337
2024-08-01,314.062,330.748,402.895,268.745,20001.3,21992.2,5.33,67.9,4.2,2.607144490692037,0.1572221743858515,2.0694848198690385,0.1268432381050344,5.209075929567275,0.43775349691752563,-0.6274912920330444,0.0,5.529380107949544,0.2596556304669262,5.241950920715133,0.17765063863126596,130.85621331463005,133.40127237820715,139.78101050192032,137.9084142803078,157.158291328962,157.8891823106183
2024-09-01,314.732,331.753,403.956,268.853,20147.6,22062.3,5.13,70.1,4.1,2.4264830315416708,0.2133336729690294,2.2732667651111704,0.3038567126634195,4.846023073828465,0.2633440474565374,-1.1180868944768552,0.04018679417292503,5.772229251211414,0.7314524555903867,5.144689936519442,0.31874937477831544,131.13537368080236,133.80662109910674,140.14911547255173,137.96383525090178,158.3078295100516,158.392453092076
2024-10-01,315.631,332.463,405.721,269.476,20226.0,22171.5,4.83,70.5,4.1,2.578844053871343,0.2856398459641696,2.1573736641244956,0.21401464342447607,4.89954003790356,0.4369287744209638,-0.2823426670465645,0.23172514347988837,5.843197588621307,0.38912823363577154,5.249291502299935,0.49496199398975094,131.50994856018875,134.09298686213035,140.76146728514777,138.28353214608728,158.92384997073117,159.17643553622983
2024-11-01,316.528,333.629,407.114,270.397,20313.6,22247.7,4.64,71.8,4.2,2.719472461284833,0.28419261732848256,2.362163654772509,0.3507157187416343,4.784505501576475,0.3433393883974345,0.31125026895881813,0.34177440662619407,5.916397707897736,0.4331059032927742,5.083248706988175,0.3436844597794586,131.88369012504927,134.563272044786,141.24475684602388,138.7561498675413,159.61215854669456,159.7235002087987
2024-12-01,317.604,334.464,408.165,273.39,20514.3,22329.3,4.48,74.0,4.1,2.870690967509981,0.3399383308901438,2.4599153274474927,0.2502780034109753,4.620404522490706,0.2581586484375453,1.5613681195600027,1.1068909788200187,6.382658749708292,0.9880080340264774,4.9950627733107655,0.366779487317781,132.3320133399767,134.90005431538415,141.60939240128647,140.29202917298312,161.189139496419,160.30933324399055
2025-01-01,318.961,335.441,409.579,276.016,20462.2,22435.3,4.33,71.7,4.0,2.9909783078999608,0.42726162139017365,2.44850713448006,0.2921091657098973,4.398682714708846,0.34642852767874377,3.017567955928957,0.9605325725154712,6.003636683883085,-0.25396918247270195,4.443016819593204,0.4747125973496802,132.89741724579133,135.29410973858705,142.09996773443706,141.63957980983253,160.77976875660514,161.07034184362706
2025-02-01,319.679,336.065,410.793,275.019,20519.8,22551.4,4.33,64.7,4.2,2.8015834477613355,0.22510589068882592,2.5504490291632376,0.18602377169159023,4.241546089860382,0.29640191513724545,1.5189882762897566,-0.36121094429308886,5.519245108374249,0.28149465844335975,4.544990960085316,0.5174880656822145,133.1965771605849,135.54578894439933,142.52115476021137,141.12796214610867,161.23235521751258,161.90386164002138
2025-03-01,319.785,337.331,411.639,271.76,20683.0,22704.4,4.33,57.0,4.2,2.381981462805549,0.03315826188146076,2.9157285202609184,0.3767128382902163,3.99467444110686,0.2059431392453126,-0.9375501217502857,-1.1850090357393595,5.62358925124351,0.7953293891753477,4.753116608686825,0.6784501183962011,133.24074283045698,136.05640733311466,142.81466730041322,139.45558304272245,162.51468352341703,163.0022985810061
2025-04-01,320.302,337.493,413.04,270.662,20746.4,22873.1,4.33,52.2,4.2,2.32538823025783,0.16167112278562268,2.753547734960371,0.04802404759716161,3.988962628022441,0.3403467601466259,-1.4211622791043377,-0.40403297026788687,5.495354856425161,0.306531934438925,5.143857939422913,0.7430277831609544,133.45615463539886,136.12174712693127,143.30073239358435,138.89213650835055,163.01284292656862,164.21345094665395
2025-05-01,320.62,338.474,414.109,269.009,20755.0,22722.6,4.33,52.2,4.3,2.3772651073680873,0.09928130327003792,2.895585637895226,0.29067269543368024,3.867676309103074,0.2588127057912004,-1.2107702364251849,-0.610724815452468,5.046057293248296,0.041452974973954504,4.005492619292816,-0.6579781490047232,133.58865164501498,136.51741587837657,143.6716128965108,138.04388776398193,163.08041659955134,163.1329623216984
2025-06-01,321.435,339.468,414.981,269.017,20868.4,22764.1,4.33,60.7,4.1,2.680453865910226,0.2541949971929469,2.9939320388349566,0.2936710057493519,3.823377091261171,0.21057257871719415,0.0011151835963785217,0.0029738781973875916,5.159616014512847,0.5463743676222599,3.812459811839597,0.18263755028034012,133.92822731431409,136.91832794660962,143.97414591667157,138.04799302106295,163.97144619446289,163.4309043677825
2025-07-01,322.169,339.891,415.931,269.382,21007.3,22903.1,4.33,61.7,4.3,2.742618052167134,0.22835098853577485,2.8946898395236342,0.12460673760119612,3.6874998441936535,0.22892614360656705,0.23702766563098443,0.13567915782273232,5.30238853104088,0.6655996626478311,4.326931836816494,0.6106105666378259,134.23405374531475,137.08893740824197,144.30374037670913,138.23529537538514,165.062839587172,164.42883073900393
2025-08-01,323.291,341.32,417.555,271.591,21123.8,23009.0,4.33,58.2,4.3,2.9385917430316155,0.3482644202266627,3.1963912102265235,0.4204289022068819,3.6386651608980136,0.39044937742078734,1.0589964464455148,0.8200250944754961,5.612135211211267,0.5545691259704943,4.62345740762633,0.4623828215394532,134.70154319433763,137.66529892283452,144.86717343260486,139.3688594868856,165.97822713397267,165.18912140599923
2025-09-01,324.245,342.086,418.422,273.656,21202.4,23091.6,4.22,55.1,4.4,3.0225715847133294,0.2950901819104068,3.1146666345142293,0.22442282901675714,3.581083088257131,0.20763731723965062,1.78647811257453,0.7603344735282125,5.235363020905726,0.372092142512237,4.665424729062706,0.3589899604502511,135.09903422318595,137.97425128125153,145.16797174508125,140.42852897092752,166.59581907541929,165.78213376760274
2025-11-01,325.063,342.386,419.431,274.113,21356.0,23166.5,3.88,51.0,4.5,2.6964439164939513,,2.6247718273891163,,3.0254425050477263,,1.3742756021701386,,5.131537492123517,,4.129865109651787,,135.4398598642739,138.0952508994305,145.51803575579478,140.66304178168156,167.80271630450582,166.31986531583647
2025-12-01,326.031,344.632,421.039,274.073,21445.9,23232.9,3.72,52.9,4.4,2.653304114557753,0.297788428704604,3.0400880214312975,0.6559847657322315,3.1541165950044636,0.3833765267707845,0.24982625553238158,-0.01459252206207351,4.541222464329775,0.42095898108260865,4.046700971369477,0.28662076705587847,135.84318409480343,139.00113470753047,146.07591774710042,140.6425154962764,168.5090969092902,166.79657258957104
2026-01-01,326.588,345.271,421.965,273.21,21511.8,23448.1,3.64,56.4,4.3,2.391201432150014,0.170842649932057,2.9304706341800824,0.18541516748300513,3.024080824456332,0.21993212030240183,-1.0166077328850665,-0.314879612366048,5.129458220523686,0.30728484232416253,4.51431449546027,0.9262726564483792,136.07526219026306,139.25886389425173,146.39718561025282,140.19966088865985,169.02689982202978,168.34156363336132
2026-02-01,327.46,346.622,422.942,273.766,21615.1,23429.8,3.64,56.6,4.4,2.4340041103732224,0.26700307420970404,3.1413565828039225,0.39128684424698523,2.9574505894696346,0.2315357908831306,-0.4556048854806316,0.20350646023206131,5.337771323307239,0.48020156379289247,3.8951018562040307,-0.07804470298232724,136.43858732355,139.80376550811775,146.73614749178617,140.48497625579174,169.83856963820583,168.21018196002785
