date,cpi_overall,cpi_food,cpi_shelter,cpi_transportation,pce_price_index,pce_total,disposable_income,fed_funds_rate,consumer_sentiment,unemployment_rate
1947-01-01,,,,,1351.397,,,,,
1947-04-01,,,,,1373.88,,,,,
1947-07-01,,,,,1378.358,,,,,
1947-10-01,,,,,1378.796,,,,,
1948-01-01,,,,,1385.667,,,,,3.4
1948-02-01,,,,,,,,,,3.8
1948-03-01,,,,,,,,,,4.0
1948-04-01,,,,,1401.789,,,,,3.9
1948-05-01,,,,,,,,,,3.5
1948-06-01,,,,,,,,,,3.6
1948-07-01,,,,,1403.859,,,,,3.6
1948-08-01,,,,,,,,,,3.9
1948-09-01,,,,,,,,,,3.8
1948-10-01,,,,,1415.063,,,,,3.7
1948-11-01,,,,,,,,,,3.8
1948-12-01,,,,,,,,,,4.0
1949-01-01,,,,,1417.353,,,,,4.3
1949-02-01,,,,,,,,,,4.7
1949-03-01,,,,,,,,,,5.0
1949-04-01,,,,,1439.077,,,,,5.3
1949-05-01,,,,,,,,,,6.1
1949-06-01,,,,,,,,,,6.2
1949-07-01,,,,,1442.341,,,,,6.7
1949-08-01,,,,,,,,,,6.8
1949-09-01,,,,,,,,,,6.6
1949-10-01,,,,,1463.488,,,,,7.9
1949-11-01,,,,,,,,,,6.4
1949-12-01,,,,,,,,,,6.6
1950-01-01,,,,,1487.854,,,,,6.5
1950-02-01,,,,,,,,,,6.4
1950-03-01,,,,,,,,,,6.3
1950-04-01,,,,,1512.357,,,,,5.8
1950-05-01,,,,,,,,,,5.5
1950-06-01,,,,,,,,,,5.4
1950-07-01,,,,,1590.019,,,,,5.0
1950-08-01,,,,,,,,,,4.5
1950-09-01,,,,,,,,,,4.4
1950-10-01,,,,,1542.087,,,,,4.2
1950-11-01,,,,,,,,,,4.2
1950-12-01,,,,,,,,,,4.3
1951-01-01,,,,,1579.375,,,,,3.7
1951-02-01,,,,,,,,,,3.4
1951-03-01,,,,,,,,,,3.4
1951-04-01,,,,,1534.744,,,,,3.1
1951-05-01,,,,,,,,,,3.0
1951-06-01,,,,,,,,,,3.2
1951-07-01,,,,,1552.624,,,,,3.1
1951-08-01,,,,,,,,,,3.1
1951-09-01,,,,,,,,,,3.3
1951-10-01,,,,,1561.67,,,,,3.5
1951-11-01,,,,,,,,,,3.5
1951-12-01,,,,,,,,,,3.1
1952-01-01,,,,,1565.288,,,,,3.2
1952-02-01,,,,,,,,,,3.1
1952-03-01,,,,,,,,,,2.9
1952-04-01,,,,,1595.941,,,,,2.9
1952-05-01,,,,,,,,,,3.0
1952-06-01,,,,,,,,,,3.0
1952-07-01,,,,,1603.596,,,,,3.2
1952-08-01,,,,,,,,,,3.4
1952-09-01,,,,,,,,,,3.1
1952-10-01,,,,,1660.168,,,,,3.0
1952-11-01,,,,,,,,,86.2,2.8
1952-12-01,,,,,,,,,,2.7
1953-01-01,,,,,1679.665,,,,,2.9
1953-02-01,,,,,,,,,90.7,2.6
1953-03-01,,,,,,,,,,2.6
1953-04-01,,,,,1689.777,,,,,2.7
1953-05-01,,,,,,,,,,2.5
1953-06-01,,,,,,,,,,2.5
1953-07-01,,,,,1685.752,,,,,2.6
1953-08-01,,,,,,,,,80.8,2.7
1953-09-01,,,,,,,,,,2.9
1953-10-01,,,,,1674.449,,,,,3.1
1953-11-01,,,,,,,,,80.7,3.5
1953-12-01,,,,,,,,,,4.5
1954-01-01,,,,,1680.625,,,,,4.9
1954-02-01,,,,,,,,,82.0,5.2
1954-03-01,,,,,,,,,,5.7
1954-04-01,,,,,1702.449,,,,,5.9
1954-05-01,,,,,,,,,82.9,5.9
1954-06-01,,,,,,,,,,5.6
1954-07-01,,,,,1725.489,,,0.8,,5.8
1954-08-01,,,,,,,,1.22,,6.0
1954-09-01,,,,,,,,1.07,,6.1
1954-10-01,,,,,1761.703,,,0.85,,5.7
1954-11-01,,,,,,,,0.83,87.0,5.3
1954-12-01,,,,,,,,1.28,,5.0
1955-01-01,,,,,1801.231,,,1.39,,4.9
1955-02-01,,,,,,,,1.29,95.9,4.7
1955-03-01,,,,,,,,1.35,,4.6
1955-04-01,,,,,1835.737,,,1.43,,4.7
1955-05-01,,,,,,,,1.43,99.1,4.3
1955-06-01,,,,,,,,1.64,,4.2
1955-07-01,,,,,1858.411,,,1.68,,4.0
1955-08-01,,,,,,,,1.96,,4.2
1955-09-01,,,,,,,,2.18,,4.1
1955-10-01,,,,,1881.748,,,2.24,,4.3
1955-11-01,,,,,,,,2.35,99.7,4.2
1955-12-01,,,,,,,,2.48,,4.2
1956-01-01,,,,,1884.805,,,2.45,,4.0
1956-02-01,,,,,,,,2.5,,3.9
1956-03-01,,,,,,,,2.5,,4.2
1956-04-01,,,,,1891.074,,,2.62,,4.0
1956-05-01,,,,,,,,2.75,98.2,4.3
1956-06-01,,,,,,,,2.71,,4.3
1956-07-01,,,,,1895.35,,,2.75,,4.4
1956-08-01,,,,,,,,2.73,99.9,4.1
1956-09-01,,,,,,,,2.95,,3.9
1956-10-01,,,,,1921.479,,,2.96,,3.9
1956-11-01,,,,,,,,2.88,100.2,4.3
1956-12-01,,,,,,,,2.94,,4.2
1957-01-01,,,,,1934.843,,,2.84,,4.2
1957-02-01,,,,,,,,3.0,,3.9
1957-03-01,,,,,,,,2.96,,3.7
1957-04-01,,,,,1938.216,,,3.0,,3.9
1957-05-01,,,,,,,,3.0,92.9,4.1
1957-06-01,,,,,,,,3.0,,4.3
1957-07-01,,,,,1953.532,,,2.99,,4.2
1957-08-01,,,,,,,,3.24,,4.1
1957-09-01,,,,,,,,3.47,,4.4
1957-10-01,,,,,1954.346,,,3.5,,4.5
1957-11-01,,,,,,,,3.28,83.7,5.1
1957-12-01,,,,,,,,2.98,,5.2
1958-01-01,,,,,1927.309,,,2.72,,5.8
1958-02-01,,,,,,,,1.67,78.5,6.4
1958-03-01,,,,,,,,1.2,,6.7
1958-04-01,,,,,1943.243,,,1.26,,7.4
1958-05-01,,,,,,,,0.63,80.9,7.4
1958-06-01,,,,,,,,0.93,,7.3
1958-07-01,,,,,1975.484,,,0.68,,7.5
1958-08-01,,,,,,,,1.53,,7.4
1958-09-01,,,,,,,,1.76,,7.1
1958-10-01,,,,,2002.318,,,1.8,,6.7
1958-11-01,,,,,,,,2.27,90.8,6.2
1958-12-01,,,,,,,,2.42,,6.2
1959-01-01,,,,,2039.017,306.1,351.5,2.48,,6.0
1959-02-01,,,,,,309.6,352.9,2.43,,5.9
1959-03-01,,,,,,312.7,355.2,2.8,,5.6
1959-04-01,,,,,2070.508,312.2,358.2,2.96,,5.2
1959-05-01,,,,,,316.1,360.3,2.9,95.3,5.1
1959-06-01,,,,,,318.2,362.6,3.39,,5.0
1959-07-01,,,,,2092.138,317.8,362.8,3.47,,5.1
1959-08-01,,,,,,320.2,361.2,3.5,,5.2
1959-09-01,,,,,,324.2,362.3,3.76,,5.5
1959-10-01,,,,,2094.495,322.8,363.4,3.98,,5.7
1959-11-01,,,,,,322.9,366.3,4.0,93.8,5.8
1959-12-01,,,,,,322.9,370.2,3.99,,5.3
1960-01-01,,,,,2114.532,323.6,370.8,3.99,,5.2
1960-02-01,,,,,,325.3,371.3,3.97,100.0,4.8
1960-03-01,,,,,,330.2,371.9,3.84,,5.4
1960-04-01,,,,,2141.205,336.5,374.7,3.92,,5.2
1960-05-01,,,,,,330.0,376.0,3.85,93.3,5.1
1960-06-01,,,,,,330.1,376.5,3.32,,5.4
1960-07-01,,,,,2132.646,331.4,377.7,3.23,,5.5
1960-08-01,,,,,,331.6,377.5,2.98,97.2,5.6
1960-09-01,,,,,,333.4,378.3,2.6,,5.5
1960-10-01,,,,,2135.408,335.4,380.1,2.47,,6.1
1960-11-01,,,,,,335.4,379.8,2.44,90.1,6.1
1960-12-01,,,,,,331.3,378.2,1.98,,6.6
1961-01-01,,,,,2134.615,332.2,381.9,1.45,,6.6
1961-02-01,,,,,,333.7,383.8,2.54,91.6,6.9
1961-03-01,,,,,,337.7,385.2,2.02,,6.9
1961-04-01,,,,,2166.382,337.6,385.8,1.49,,7.0
1961-05-01,,,,,,339.9,389.2,1.98,92.5,7.1
1961-06-01,,,,,,340.9,393.3,1.73,,6.9
1961-07-01,,,,,2176.916,340.6,395.5,1.17,,7.0
1961-08-01,,,,,,342.1,395.9,2.0,99.2,6.6
1961-09-01,,,,,,344.4,396.7,1.88,,6.7
1961-10-01,,,,,2220.704,346.5,400.8,2.26,,6.5
1961-11-01,,,,,,349.9,404.6,2.61,93.0,6.1
1961-12-01,,,,,,352.4,407.1,2.33,,6.0
1962-01-01,,,,,2244.227,353.2,406.9,2.15,,5.8
1962-02-01,,,,,,354.0,409.8,2.37,99.9,5.5
1962-03-01,,,,,,357.4,413.1,2.85,,5.6
1962-04-01,,,,,2271.817,359.0,415.4,2.78,,5.6
1962-05-01,,,,,,362.0,415.9,2.36,95.4,5.5
1962-06-01,,,,,,360.4,416.2,2.68,,5.5
1962-07-01,,,,,2290.126,361.4,417.8,2.71,,5.4
1962-08-01,,,,,,362.9,418.8,2.93,91.6,5.7
1962-09-01,,,,,,368.8,421.0,2.9,,5.6
1962-10-01,,,,,2322.53,366.5,422.6,2.9,,5.4
1962-11-01,,,,,,371.7,424.1,2.94,95.0,5.7
1962-12-01,,,,,,373.6,425.9,2.93,,5.5
1963-01-01,,,,,2338.799,374.4,430.0,2.92,,5.7
1963-02-01,,,,,,373.4,427.9,3.0,98.4,5.9
1963-03-01,,,,,,375.0,429.4,2.98,,5.7
1963-04-01,,,,,2360.869,376.4,431.1,2.9,,5.7
1963-05-01,,,,,,377.2,433.5,3.0,91.7,5.9
1963-06-01,,,,,,381.7,436.6,2.99,,5.6
1963-07-01,,,,,2392.896,384.4,438.0,3.02,,5.6
1963-08-01,,,,,,386.3,440.3,3.49,96.4,5.4
1963-09-01,,,,,,385.5,443.5,3.48,,5.5
1963-10-01,,,,,2412.836,386.0,447.0,3.5,,5.5
1963-11-01,,,,,,389.4,448.5,3.48,94.4,5.7
1963-12-01,,,,,,394.7,452.8,3.38,,5.5
1964-01-01,,,,,2460.191,396.8,455.3,3.48,,5.6
1964-02-01,,,,,,400.2,457.4,3.48,99.5,5.4
1964-03-01,,,,,,401.8,468.5,3.43,,5.4
1964-04-01,,,,,2503.709,402.8,471.4,3.47,,5.3
1964-05-01,,,,,,408.4,473.9,3.5,98.5,5.1
1964-06-01,,,,,,411.4,476.2,3.5,,5.2
1964-07-01,,,,,2549.958,414.9,479.0,3.42,,4.9
1964-08-01,,,,,,417.7,481.5,3.5,100.6,5.0
1964-09-01,,,,,,416.6,484.2,3.45,,5.1
1964-10-01,,,,,2557.236,419.6,484.3,3.36,,5.1
1964-11-01,,,,,,416.4,488.1,3.52,99.9,4.8
1964-12-01,,,,,,421.0,493.5,3.85,,5.0
1965-01-01,,,,,2614.265,424.4,495.0,3.9,,4.9
1965-02-01,,,,,,431.4,495.4,3.98,102.0,5.1
1965-03-01,,,,,,433.3,497.7,4.05,,4.7
1965-04-01,,,,,2643.097,437.1,499.0,4.09,,4.8
1965-05-01,,,,,,437.6,505.6,4.1,105.4,4.6
1965-06-01,,,,,,435.2,507.8,4.05,,4.6
1965-07-01,,,,,2688.512,441.0,513.5,4.09,,4.4
1965-08-01,,,,,,444.4,516.2,4.12,103.4,4.4
1965-09-01,,,,,,452.0,529.9,4.02,,4.3
1965-10-01,,,,,2764.094,458.5,527.5,4.08,,4.2
1965-11-01,,,,,,459.1,532.1,4.1,102.9,4.1
1965-12-01,,,,,,461.7,536.3,4.32,,4.0
1966-01-01,,,,,2804.899,465.2,537.2,4.42,,4.0
1966-02-01,,,,,,470.2,541.7,4.6,100.0,3.8
1966-03-01,,,,,,475.0,545.2,4.66,,3.8
1966-04-01,,,,,2812.086,476.9,545.0,4.67,,3.8
1966-05-01,,,,,,473.1,546.5,4.9,95.7,3.9
1966-06-01,,,,,,475.5,550.2,5.17,,3.8
1966-07-01,,,,,2844.198,480.6,553.1,5.3,,3.8
1966-08-01,,,,,,483.2,558.1,5.53,91.2,3.8
1966-09-01,,,,,,489.2,563.2,5.4,,3.7
1966-10-01,,,,,2856.047,488.3,566.5,5.53,,3.7
1966-11-01,,,,,,490.1,570.0,5.76,88.3,3.6
1966-12-01,,,,,,491.8,570.7,5.4,,3.8
1967-01-01,,,,,2872.504,494.2,576.6,4.94,,3.9
1967-02-01,,,,,,493.0,578.4,5.0,94.1,3.8
1967-03-01,,,,,,495.8,583.0,4.53,,3.8
1967-04-01,,,,,2911.776,501.3,583.8,4.05,,3.8
1967-05-01,,,,,,502.2,586.1,3.94,95.9,3.8
1967-06-01,,,,,,506.8,590.2,3.98,,3.9
1967-07-01,,,,,2926.685,506.7,594.5,3.79,,3.8
1967-08-01,,,,,,509.8,598.5,3.9,97.0,3.8
1967-09-01,,,,,,515.6,600.2,3.99,,3.8
1967-10-01,,,,,2944.594,512.2,602.8,3.88,,4.0
1967-11-01,,,,,,517.4,608.5,4.13,92.9,3.9
1967-12-01,,,,,,525.1,610.5,4.51,,3.8
1968-01-01,,,,,3015.162,530.9,616.7,4.61,,3.7
1968-02-01,,,,,,533.6,623.6,4.71,97.2,3.8
1968-03-01,,,,,,544.3,631.6,5.05,,3.7
1968-04-01,,,,,3061.075,544.0,635.7,5.76,,3.5
1968-05-01,,,,,,549.8,640.7,6.12,92.4,3.5
1968-06-01,,,,,,556.3,645.6,6.07,,3.7
1968-07-01,,,,,3118.445,563.2,646.3,6.03,,3.7
1968-08-01,,,,,,567.0,649.8,6.03,92.4,3.5
1968-09-01,,,,,,568.2,652.1,5.78,,3.4
1968-10-01,,,,,3132.511,571.6,657.3,5.91,,3.4
1968-11-01,,,,,,576.7,662.0,5.82,91.7,3.4
1968-12-01,,,,,,576.5,665.7,6.02,,3.4
1969-01-01,,,,,3167.245,583.5,667.1,6.3,,3.4
1969-02-01,,,,,,588.7,668.9,6.61,98.2,3.4
1969-03-01,,,,,,588.9,673.3,6.79,,3.4
1969-04-01,,,,,3187.677,593.9,675.3,7.41,,3.4
1969-05-01,,,,,,600.3,685.7,8.67,91.5,3.4
1969-06-01,,,,,,600.9,693.9,8.9,,3.5
1969-07-01,,,,,3203.218,602.7,701.8,8.61,,3.5
1969-08-01,,,,,,609.9,708.1,9.19,86.4,3.5
1969-09-01,,,,,,613.2,712.6,9.15,,3.7
1969-10-01,,,,,3228.82,618.5,716.7,9.0,,3.7
1969-11-01,,,,,,620.5,721.0,8.85,79.7,3.5
1969-12-01,,,,,,622.8,725.7,8.97,,3.5
1970-01-01,,,,,3248.853,628.7,732.1,8.98,,3.9
1970-02-01,,,,,,634.0,737.4,8.98,78.1,4.2
1970-03-01,,,,,,632.3,742.0,7.76,,4.4
1970-04-01,,,,,3263.571,636.0,753.8,8.1,,4.6
1970-05-01,,,,,,642.4,753.1,7.95,75.4,4.8
1970-06-01,,,,,,646.3,756.6,7.61,,4.9
1970-07-01,,,,,3292.183,648.5,770.2,7.21,,5.0
1970-08-01,,,,,,652.9,774.6,6.62,77.6,5.1
1970-09-01,,,,,,659.1,777.3,6.29,,5.4
1970-10-01,,,,,3283.245,658.3,778.6,6.2,,5.5
1970-11-01,,,,,,656.6,780.5,5.6,72.4,5.9
1970-12-01,,,,,,665.6,787.5,4.9,,6.1
1971-01-01,,,,,3346.268,676.1,801.3,4.14,,5.9
1971-02-01,,,,,,679.4,804.7,3.72,78.1,5.9
1971-03-01,,,,,,682.0,810.0,3.71,,6.0
1971-04-01,,,,,3377.022,688.8,814.9,4.16,,5.9
1971-05-01,,,,,,691.1,821.6,4.63,80.2,5.9
1971-06-01,,,,,,699.8,842.6,4.91,,5.9
1971-07-01,,,,,3403.947,698.9,833.2,5.31,,6.0
1971-08-01,,,,,,704.9,838.5,5.57,82.1,6.1
1971-09-01,,,,,,713.0,844.7,5.55,,6.0
1971-10-01,,,,,3460.427,715.8,848.8,5.2,,5.8
1971-11-01,,,,,,720.9,852.5,4.91,82.0,6.0
1971-12-01,,,,,,728.4,860.2,4.14,,6.0
1972-01-01,,,,,3506.098,731.5,859.4,3.51,,5.8
1972-02-01,,,,,,736.2,868.0,3.3,92.8,5.7
1972-03-01,,,,,,749.2,872.9,3.83,,5.8
1972-04-01,,,,,3572.842,752.5,873.9,4.17,,5.7
1972-05-01,,,,,,758.0,882.2,4.27,88.6,5.7
1972-06-01,,,,,,761.6,886.4,4.46,,5.7
1972-07-01,,,,,3627.904,769.9,896.0,4.55,,5.6
1972-08-01,,,,,,776.3,907.0,4.81,95.2,5.6
1972-09-01,,,,,,781.1,914.6,4.87,,5.5
1972-10-01,,,,,3713.038,794.9,938.6,5.05,,5.6
1972-11-01,,,,,,800.5,951.8,5.06,90.7,5.3
1972-12-01,,,,,,806.1,959.2,5.33,,5.2
1973-01-01,,,,,3780.829,816.5,957.1,5.94,,4.9
1973-02-01,,,,,,825.8,969.3,6.58,81.9,5.0
1973-03-01,,,,,,832.8,979.7,7.09,,4.9
1973-04-01,,,,,3779.125,835.7,988.3,7.12,,5.0
1973-05-01,,,,,,841.6,995.0,7.84,77.0,4.9
1973-06-01,,,,,,844.3,1003.7,8.49,,4.9
1973-07-01,,,,,3792.426,854.1,1009.8,10.4,,4.8
1973-08-01,,,,,,853.3,1018.1,10.5,72.0,4.8
1973-09-01,,,,,,869.2,1027.4,10.78,,4.8
1973-10-01,,,,,3781.115,868.2,1042.3,10.01,,4.6
1973-11-01,,,,,,876.9,1052.5,10.03,76.5,4.8
1973-12-01,,,,,,876.6,1057.3,9.95,,4.9
1974-01-01,,,,,3747.286,884.5,1059.6,9.65,,5.1
1974-02-01,,,,,,889.7,1063.9,8.97,61.8,5.2
1974-03-01,,,,,,901.4,1068.6,9.35,,5.1
1974-04-01,,,,,3760.779,910.8,1075.3,10.51,,5.1
1974-05-01,,,,,,922.4,1084.8,11.31,72.1,5.1
1974-06-01,,,,,,928.0,1091.8,11.93,,5.4
1974-07-01,,,,,3776.934,937.9,1104.1,12.92,,5.5
1974-08-01,,,,,,954.8,1114.1,12.01,64.4,5.5
1974-09-01,,,,,,955.1,1124.5,11.34,,5.9
1974-10-01,,,,,3721.726,959.2,1136.2,10.06,,6.0
1974-11-01,,,,,,956.2,1138.6,9.45,59.5,6.6
1974-12-01,,,,,,961.8,1147.8,8.53,,7.2
1975-01-01,,,,,3752.942,975.6,1154.2,7.13,,8.1
1975-02-01,,,,,,989.4,1161.1,6.24,57.6,8.1
1975-03-01,,,,,,990.6,1166.0,5.54,,8.6
1975-04-01,,,,,3814.672,995.0,1191.4,5.49,,8.8
1975-05-01,,,,,,1018.9,1265.1,5.22,72.8,9.0
1975-06-01,,,,,,1026.8,1230.2,5.55,,8.8
1975-07-01,,,,,3868.889,1039.8,1221.6,6.1,,8.6
1975-08-01,,,,,,1047.0,1235.1,6.14,75.7,8.4
1975-09-01,,,,,,1054.8,1244.2,6.24,,8.4
1975-10-01,,,,,3910.492,1060.9,1256.7,5.82,,8.4
1975-11-01,,,,,,1075.8,1263.8,5.22,75.6,8.3
1975-12-01,,,,,,1092.1,1272.0,5.2,,8.2
1976-01-01,,,,,3988.677,1107.1,1285.2,4.87,,7.9
1976-02-01,,,,,,1107.7,1294.9,4.77,84.6,7.7
1976-03-01,,,,,,1114.9,1300.7,4.84,,7.6
1976-04-01,,,,,4025.375,1125.4,1305.4,4.82,,7.7
1976-05-01,,,,,,1122.7,1311.7,5.29,83.3,7.4
1976-06-01,,,,,,1140.5,1318.7,5.48,,7.6
1976-07-01,,,,,4067.757,1149.6,1332.9,5.31,,7.8
1976-08-01,,,,,,1158.0,1343.0,5.29,89.7,7.8
1976-09-01,,,,,,1168.8,1350.8,5.25,,7.6
1976-10-01,,,,,4120.536,1176.8,1355.5,5.02,,7.7
1976-11-01,,,,,,1189.0,1374.0,4.95,87.0,7.8
1976-12-01,,,,,,1211.5,1386.9,4.65,,7.8
1977-01-01,,,,,4169.104,1215.0,1392.2,4.61,,7.5
1977-02-01,,,,,,1231.3,1390.7,4.68,87.1,7.6
1977-03-01,,,,,,1238.3,1417.2,4.69,,7.4
1977-04-01,,,,,4191.711,1247.3,1427.7,4.73,,7.2
1977-05-01,,,,,,1257.1,1435.2,5.35,90.2,7.0
1977-06-01,,,,,,1263.6,1449.2,5.39,,7.2
1977-07-01,,,,,4231.345,1280.5,1466.1,5.42,,6.9
1977-08-01,,,,,,1285.7,1478.9,5.9,89.0,7.0
1977-09-01,,,,,,1294.5,1492.6,6.14,,6.8
1977-10-01,,,,,4294.965,1311.4,1510.4,6.47,,6.8
1977-11-01,,,,,,1327.0,1531.2,6.51,84.4,6.8
1977-12-01,,,,,,1336.0,1545.0,6.56,,6.4
1978-01-01,,,,,4319.094,1329.5,1547.4,6.7,83.7,6.4
1978-02-01,,,,,,1355.1,1563.8,6.78,84.3,6.3
1978-03-01,,,,,,1377.5,1587.1,6.79,78.8,6.3
1978-04-01,,,,,4411.431,1396.4,1604.6,6.89,81.6,6.1
1978-05-01,,,,,,1412.0,1615.1,7.36,82.9,6.0
1978-06-01,,,,,,1425.8,1625.7,7.6,80.0,5.9
1978-07-01,,,,,4429.955,1426.8,1642.8,7.81,82.4,6.2
1978-08-01,,,,,,1447.0,1658.1,8.04,78.4,5.9
1978-09-01,,,,,,1452.9,1668.0,8.45,80.4,6.0
1978-10-01,,,,,4465.702,1466.9,1685.8,8.96,79.3,5.8
1978-11-01,,,,,,1480.6,1697.0,9.76,75.0,5.9
1978-12-01,,,,,,1496.5,1713.4,10.03,66.1,6.0
1979-01-01,,,,,4488.83,1502.4,1734.6,10.07,72.1,5.9
1979-02-01,,,,,,1517.8,1750.9,10.06,73.9,5.9
1979-03-01,,,,,,1531.2,1769.2,10.09,68.4,5.8
1979-04-01,,,,,4485.916,1538.4,1773.1,10.01,66.0,5.8
1979-05-01,,,,,,1558.8,1783.2,10.24,68.1,5.6
1979-06-01,,,,,,1575.7,1793.3,10.29,65.8,5.7
1979-07-01,,,,,4529.568,1586.1,1820.1,10.47,60.4,5.7
1979-08-01,,,,,,1615.6,1836.7,10.94,64.5,6.0
1979-09-01,,,,,,1633.9,1851.4,11.43,66.7,5.9
1979-10-01,,,,,4540.839,1641.6,1865.5,13.77,62.1,6.0
1979-11-01,,,,,,1657.3,1883.8,13.18,63.3,5.9
1979-12-01,,,,,,1666.3,1903.8,13.78,61.0,6.0
1980-01-01,,,,,4534.348,1697.3,1937.3,13.82,67.0,6.3
1980-02-01,,,,,,1701.4,1948.1,14.13,66.9,6.3
1980-03-01,,,,,,1708.2,1959.7,17.19,56.5,6.3
1980-04-01,,,,,4432.231,1695.2,1967.7,17.61,52.7,6.9
1980-05-01,,,,,,1700.1,1975.7,10.98,51.7,7.5
1980-06-01,,,,,,1718.8,1992.4,9.47,58.7,7.6
1980-07-01,,,,,4480.849,1747.1,2025.3,9.03,62.3,7.8
1980-08-01,,,,,,1763.8,2044.1,9.61,67.3,7.7
1980-09-01,,,,,,1780.5,2071.7,10.87,73.7,7.5
1980-10-01,,,,,4541.39,1817.1,2104.5,12.81,75.0,7.5
1980-11-01,,,,,,1826.8,2124.7,15.85,76.7,7.5
1980-12-01,,,,,,1851.7,2148.2,18.9,64.5,7.2
1981-01-01,,,,,4556.603,1870.0,2160.1,19.08,71.4,7.5
1981-02-01,,,,,,1884.2,2175.0,15.93,66.9,7.4
1981-03-01,,,,,,1902.9,2196.1,14.7,66.5,7.4
1981-04-01,,,,,4556.934,1904.4,2199.2,15.72,72.4,7.2
1981-05-01,,,,,,1913.8,2213.2,18.52,76.3,7.5
1981-06-01,,,,,,1934.5,2234.0,19.1,73.1,7.5
1981-07-01,,,,,4578.013,1942.1,2283.0,19.04,74.1,7.2
1981-08-01,,,,,,1966.6,2303.9,17.82,77.2,7.4
1981-09-01,,,,,,1965.5,2313.6,15.87,73.1,7.6
1981-10-01,,,,,4546.699,1963.9,2326.6,15.08,70.3,7.9
1981-11-01,,,,,,1970.6,2340.2,13.31,62.5,8.3
1981-12-01,,,,,,1988.8,2344.2,12.37,64.3,8.5
1982-01-01,,,,,4580.19,1997.1,2361.2,13.22,71.0,8.6
1982-02-01,,,,,,2021.2,2374.8,14.78,66.5,8.9
1982-03-01,,,,,,2024.1,2380.6,14.68,62.0,9.0
1982-04-01,,,,,4594.142,2026.3,2405.5,14.94,65.5,9.3
1982-05-01,,,,,,2044.5,2409.8,14.45,67.5,9.4
1982-06-01,,,,,,2048.1,2414.1,14.15,65.7,9.6
1982-07-01,,,,,4624.939,2072.2,2450.6,12.59,65.4,9.8
1982-08-01,,,,,,2080.1,2462.2,10.12,65.4,9.8
1982-09-01,,,,,,2104.6,2468.2,10.31,69.3,10.1
1982-10-01,,,,,4705.953,2125.8,2479.6,9.71,73.4,10.4
1982-11-01,,,,,,2149.3,2497.0,9.2,72.1,10.8
1982-12-01,,,,,,2161.6,2513.0,8.95,71.9,10.8
1983-01-01,,,,,4752.481,2174.0,2533.5,8.68,70.4,10.4
1983-02-01,,,,,,2177.0,2538.9,8.51,74.6,10.4
1983-03-01,,,,,,2202.8,2554.4,8.77,80.8,10.3
1983-04-01,,,,,4849.254,2226.4,2571.6,8.8,89.1,10.2
1983-05-01,,,,,,2245.9,2584.1,8.63,93.3,10.1
1983-06-01,,,,,,2276.0,2595.8,8.98,92.2,10.1
1983-07-01,,,,,4936.211,2304.4,2643.2,9.37,92.8,9.4
1983-08-01,,,,,,2320.4,2649.4,9.56,90.9,9.5
1983-09-01,,,,,,2334.9,2677.7,9.45,89.9,9.2
1983-10-01,,,,,5014.874,2357.6,2706.0,9.48,89.3,8.8
1983-11-01,,,,,,2366.3,2732.9,9.34,91.1,8.5
1983-12-01,,,,,,2393.6,2758.5,9.47,94.2,8.3
1984-01-01,,,,,5056.492,2419.4,2782.7,9.56,100.1,8.0
1984-02-01,,,,,,2403.5,2817.5,9.59,97.4,7.8
1984-03-01,,,,,,2431.6,2844.9,9.91,101.0,7.8
1984-04-01,,,,,5127.332,2457.5,2875.0,10.29,96.1,7.7
1984-05-01,,,,,,2474.5,2882.7,10.32,98.1,7.4
1984-06-01,,,,,,2495.6,2906.9,11.06,95.5,7.2
1984-07-01,,,,,5165.357,2494.6,2920.9,11.23,96.6,7.5
1984-08-01,,,,,,2512.2,2949.8,11.64,99.1,7.5
1984-09-01,,,,,,2533.8,2974.9,11.3,100.9,7.3
1984-10-01,,,,,5232.266,2531.3,2970.8,9.99,96.3,7.4
1984-11-01,,,,,,2571.4,2988.0,9.43,95.7,7.2
1984-12-01,,,,,,2582.6,3014.9,8.38,92.9,7.3
1985-01-01,,,,,5321.159,2618.8,3029.1,8.35,96.0,7.3
1985-02-01,,,,,,2640.8,3015.2,8.5,93.7,7.2
1985-03-01,,,,,,2648.5,3013.4,8.58,93.7,7.2
1985-04-01,,,,,5370.011,2659.5,3068.4,8.27,94.6,7.3
1985-05-01,,,,,,2696.4,3151.2,7.97,91.8,7.2
1985-06-01,,,,,,2689.4,3093.7,7.53,96.5,7.4
1985-07-01,,,,,5472.014,2715.7,3108.2,7.88,94.0,7.4
1985-08-01,,,,,,2752.1,3116.6,7.9,92.4,7.1
1985-09-01,,,,,,2794.7,3135.6,7.92,92.1,7.1
1985-10-01,,,,,5483.866,2755.8,3156.8,7.99,88.4,7.1
1985-11-01,,,,,,2771.1,3171.3,8.05,90.9,7.0
1985-12-01,,,,,,2811.3,3201.4,8.27,93.9,7.0
1986-01-01,,,,,5531.807,2827.1,3222.4,8.14,95.6,6.7
1986-02-01,,,,,,2820.2,3239.4,7.86,95.9,7.2
1986-03-01,,,,,,2823.6,3265.4,7.48,95.1,7.2
1986-04-01,,,,,5592.08,2835.2,3270.9,6.99,96.2,7.1
1986-05-01,,,,,,2857.5,3279.6,6.85,94.8,7.2
1986-06-01,,,,,,2861.7,3288.7,6.92,99.3,7.2
1986-07-01,,,,,5690.971,2881.2,3305.9,6.56,97.7,7.0
1986-08-01,,,,,,2898.6,3313.9,6.17,94.9,6.9
1986-09-01,,,,,,2971.8,3326.5,5.89,91.9,7.0
1986-10-01,,,,,5725.812,2932.9,3329.0,5.85,95.6,7.0
1986-11-01,,,,,,2928.4,3335.3,6.04,91.4,6.9
1986-12-01,,,,,,2997.1,3343.5,6.91,89.1,6.6
1987-01-01,,,,,5731.226,2935.5,3369.8,6.43,90.4,6.6
1987-02-01,,,,,,3001.7,3397.6,6.1,90.2,6.6
1987-03-01,,,,,,3013.3,3409.5,6.13,90.8,6.6
1987-04-01,,,,,5809.376,3038.8,3292.2,6.37,92.8,6.3
1987-05-01,,,,,,3048.4,3434.3,6.85,91.1,6.3
1987-06-01,,,,,,3072.8,3442.4,6.73,91.5,6.2
1987-07-01,,,,,5875.641,3094.7,3459.9,6.58,93.7,6.1
1987-08-01,,,,,,3130.8,3488.5,6.73,94.4,6.0
1987-09-01,,,,,,3126.5,3501.0,7.22,93.6,5.9
1987-10-01,,,,,5888.065,3134.5,3535.7,7.29,89.3,6.0
1987-11-01,,,,,,3144.2,3557.7,6.69,83.1,5.8
1987-12-01,,,,,,3174.1,3598.2,6.77,86.8,5.7
1988-01-01,,,,,5992.101,3213.7,3622.3,6.83,90.8,5.7
1988-02-01,,,,,,3221.4,3650.9,6.58,91.6,5.7
1988-03-01,,,,,,3260.5,3680.1,6.58,94.6,5.7
1988-04-01,,,,,6036.355,3263.0,3712.1,6.87,91.2,5.4
1988-05-01,,,,,,3293.6,3729.1,7.09,94.8,5.6
1988-06-01,,,,,,3318.5,3759.7,7.51,94.7,5.4
1988-07-01,,,,,6090.001,3342.7,3794.4,7.75,93.4,5.4
1988-08-01,,,,,,3368.0,3816.8,8.01,97.4,5.6
1988-09-01,,,,,,3375.0,3843.1,8.19,97.3,5.4
1988-10-01,,,,,6159.246,3413.7,3876.5,8.3,94.1,5.4
1988-11-01,,,,,,3430.2,3886.6,8.35,93.0,5.3
1988-12-01,,,,,,3459.7,3917.4,8.76,91.9,5.3
1989-01-01,,,,,6187.816,3483.7,3953.4,9.12,97.9,5.4
1989-02-01,,,,,,3488.0,3977.5,9.36,95.4,5.2
1989-03-01,,,,,,3498.8,4011.8,9.85,94.3,5.0
1989-04-01,,,,,6216.695,3543.0,4017.4,9.84,91.5,5.2
1989-05-01,,,,,,3551.8,4013.3,9.81,90.7,5.2
1989-06-01,,,,,,3566.6,4033.3,9.53,90.6,5.3
1989-07-01,,,,,6276.877,3585.7,4057.1,9.24,92.0,5.2
1989-08-01,,,,,,3620.6,4068.4,8.99,89.6,5.2
1989-09-01,,,,,,3621.9,4089.7,9.02,95.8,5.3
1989-10-01,,,,,6304.157,3633.6,4126.2,8.84,93.9,5.3
1989-11-01,,,,,,3643.3,4139.4,8.55,90.9,5.4
1989-12-01,,,,,,3684.2,4151.9,8.45,90.5,5.4
1990-01-01,,,,,6357.213,3730.7,4208.4,8.23,93.0,5.4
1990-02-01,,,,,,3728.2,4236.3,8.24,89.5,5.3
1990-03-01,,,,,,3754.9,4254.0,8.28,91.3,5.2
1990-04-01,,,,,6376.579,3770.0,4290.8,8.26,93.9,5.4
1990-05-01,,,,,,3775.8,4296.0,8.18,90.6,5.4
1990-06-01,,,,,,3804.5,4321.9,8.29,88.3,5.2
1990-07-01,,,,,6401.841,3821.7,4348.3,8.15,88.2,5.5
1990-08-01,,,,,,3848.3,4350.4,8.13,76.4,5.7
1990-09-01,,,,,,3870.1,4375.8,8.2,72.8,5.9
1990-10-01,,,,,6353.139,3870.6,4365.5,8.11,63.9,5.9
1990-11-01,,,,,,3871.9,4373.0,7.81,66.0,6.2
1990-12-01,,,,,,3861.3,4403.1,7.31,65.5,6.3
1991-01-01,,,,,6329.249,3841.0,4408.2,6.91,66.8,6.4
1991-02-01,,,,,,3866.7,4417.2,6.25,70.4,6.6
1991-03-01,,,,,,3913.0,4425.6,6.12,87.7,6.8
1991-04-01,,,,,6381.703,3907.1,4451.4,5.91,81.8,6.7
1991-05-01,,,,,,3933.2,4470.7,5.78,78.3,6.9
1991-06-01,,,,,,3940.5,4501.2,5.9,82.1,6.9
1991-07-01,,,,,6413.521,3966.0,4499.2,5.82,82.9,6.8
1991-08-01,,,,,,3969.1,4519.7,5.66,82.0,6.9
1991-09-01,,,,,,3984.7,4547.3,5.45,83.0,6.9
1991-10-01,,,,,6410.312,3976.0,4562.2,5.21,78.3,7.0
1991-11-01,,,,,,4003.6,4578.6,4.81,69.1,7.0
1991-12-01,,,,,,4020.5,4630.9,4.43,68.2,7.3
1992-01-01,,,,,6530.335,4084.7,4681.8,4.03,67.5,7.3
1992-02-01,,,,,,4099.5,4713.9,4.06,68.8,7.4
1992-03-01,,,,,,4117.0,4729.5,3.98,76.0,7.4
1992-04-01,,,,,6574.665,4131.5,4755.6,3.73,77.2,7.4
1992-05-01,,,,,,4158.4,4784.1,3.82,79.2,7.6
1992-06-01,,,,,,4177.1,4812.6,3.76,80.4,7.8
1992-07-01,,,,,6645.14,4204.8,4824.8,3.25,76.6,7.7
1992-08-01,,,,,,4220.9,4848.2,3.3,76.1,7.6
1992-09-01,,,,,,4255.3,4833.4,3.22,75.6,7.6
1992-10-01,,,,,6724.342,4284.7,4819.2,3.1,73.3,7.3
1992-11-01,,,,,,4300.5,4836.0,3.09,85.3,7.4
1992-12-01,,,,,,4336.4,5017.2,2.92,91.0,7.4
1993-01-01,,,,,6750.123,4340.7,4919.8,3.02,89.3,7.3
1993-02-01,,,,,,4355.3,4950.7,3.03,86.6,7.1
1993-03-01,,,,,,4352.5,4945.5,3.07,85.9,7.0
1993-04-01,,,,,6811.522,4393.4,4984.4,2.96,85.6,7.1
1993-05-01,,,,,,4422.4,4992.6,3.0,80.3,7.1
1993-06-01,,,,,,4440.0,4985.0,3.04,81.5,7.0
1993-07-01,,,,,6887.329,4468.9,5005.5,3.06,77.0,6.9
1993-08-01,,,,,,4481.1,5021.3,3.03,77.3,6.8
1993-09-01,,,,,,4511.5,5012.8,3.09,77.9,6.7
1993-10-01,,,,,6947.788,4532.8,5004.1,2.99,82.7,6.8
1993-11-01,,,,,,4554.1,5027.4,3.02,81.2,6.6
1993-12-01,,,,,,4571.1,5199.9,2.96,88.2,6.5
1994-01-01,,,,,7027.255,4585.1,5103.9,3.05,94.3,6.6
1994-02-01,,,,,,4632.6,5125.3,3.25,93.2,6.6
1994-03-01,,,,,,4646.0,5156.2,3.34,91.5,6.5
1994-04-01,,,,,7081.931,4671.1,5162.3,3.56,92.6,6.4
1994-05-01,,,,,,4669.5,5229.4,4.01,92.8,6.1
1994-06-01,,,,,,4708.9,5233.9,4.25,91.2,6.1
1994-07-01,,,,,7135.93,4720.6,5254.9,4.26,89.0,6.1
1994-08-01,,,,,,4762.6,5273.3,4.47,91.7,6.0
1994-09-01,,,,,,4775.0,5302.2,4.73,91.5,5.9
1994-10-01,,,,,7213.079,4812.9,5361.6,4.76,92.7,5.8
1994-11-01,,,,,,4825.6,5371.6,5.29,91.6,5.6
1994-12-01,,,,,,4841.6,5399.4,5.45,95.1,5.5
1995-01-01,,,,,7231.032,4851.2,5427.5,5.53,97.6,5.6
1995-02-01,,,,,,4850.8,5447.9,5.92,95.1,5.4
1995-03-01,,,,,,4885.4,5473.0,5.98,90.3,5.4
1995-04-01,,,,,7294.424,4890.2,5446.7,6.05,92.5,5.8
1995-05-01,,,,,,4933.1,5510.3,6.01,89.8,5.6
1995-06-01,,,,,,4977.5,5532.1,6.0,92.7,5.6
1995-07-01,,,,,7360.529,4970.2,5551.2,5.85,94.4,5.7
1995-08-01,,,,,,5005.3,5566.7,5.74,96.2,5.7
1995-09-01,,,,,,5020.5,5588.5,5.8,88.9,5.6
1995-10-01,,,,,7411.873,5013.9,5609.1,5.76,90.2,5.5
1995-11-01,,,,,,5055.6,5624.0,5.8,88.2,5.6
1995-12-01,,,,,,5097.5,5642.2,5.6,91.0,5.6
1996-01-01,,,,,7480.231,5085.7,5662.1,5.56,89.3,5.6
1996-02-01,,,,,,5132.8,5714.6,5.22,88.5,5.5
1996-03-01,,,,,,5173.3,5750.2,5.31,93.7,5.5
1996-04-01,,,,,7560.702,5208.0,5732.6,5.22,92.7,5.6
1996-05-01,,,,,,5223.8,5815.0,5.24,89.4,5.6
1996-06-01,,,,,,5229.8,5849.6,5.27,92.4,5.3
1996-07-01,,,,,7606.475,5251.9,5846.0,5.4,94.7,5.5
1996-08-01,,,,,,5275.0,5865.9,5.22,95.3,5.1
1996-09-01,,,,,,5296.6,5895.9,5.3,94.7,5.2
1996-10-01,,,,,7667.062,5328.5,5912.8,5.24,96.5,5.2
1996-11-01,,,,,,5351.2,5939.0,5.31,99.2,5.4
1996-12-01,,,,,,5378.6,5965.5,5.29,96.9,5.4
1997-01-01,,,,,7747.88,5411.1,5989.6,5.25,97.4,5.3
1997-02-01,,,,,,5434.0,6018.1,5.19,99.7,5.2
1997-03-01,,,,,,5454.2,6052.4,5.39,100.0,5.2
1997-04-01,,,,,7782.76,5459.3,6062.3,5.51,101.4,5.1
1997-05-01,,,,,,5460.2,6085.8,5.5,103.2,4.9
1997-06-01,,,,,,5494.2,6113.1,5.56,104.5,5.0
1997-07-01,,,,,7915.359,5548.8,6140.2,5.52,107.1,4.9
1997-08-01,,,,,,5587.0,6177.3,5.54,104.4,4.8
1997-09-01,,,,,,5601.7,6208.4,5.54,106.0,4.9
1997-10-01,,,,,8009.964,5637.7,6247.1,5.5,105.6,4.7
1997-11-01,,,,,,5661.1,6288.0,5.52,107.2,4.6
1997-12-01,,,,,,5692.1,6323.4,5.5,102.1,4.7
1998-01-01,,,,,8090.987,5689.9,6382.2,5.56,106.6,4.6
1998-02-01,,,,,,5723.8,6420.1,5.51,110.4,4.6
1998-03-01,,,,,,5750.3,6458.7,5.49,106.5,4.7
1998-04-01,,,,,8233.463,5788.1,6487.7,5.45,108.7,4.3
1998-05-01,,,,,,5837.9,6523.5,5.49,106.5,4.4
1998-06-01,,,,,,5871.7,6554.9,5.56,105.6,4.5
1998-07-01,,,,,8340.831,5890.0,6582.3,5.54,105.2,4.5
1998-08-01,,,,,,5925.0,6612.2,5.55,104.4,4.5
1998-09-01,,,,,,5965.6,6627.0,5.51,100.9,4.6
1998-10-01,,,,,8461.33,5998.8,6650.0,5.07,97.4,4.5
1998-11-01,,,,,,6015.4,6676.8,4.83,102.7,4.4
1998-12-01,,,,,,6070.5,6695.6,4.68,100.5,4.4
1999-01-01,,,,,8548.235,6073.9,6742.4,4.63,103.9,4.3
1999-02-01,,,,,,6099.2,6761.5,4.76,108.1,4.4
1999-03-01,,,,,,6133.0,6772.2,4.81,105.7,4.2
1999-04-01,,,,,8679.143,6199.5,6782.6,4.74,104.6,4.3
1999-05-01,,,,,,6232.1,6798.7,4.74,106.8,4.2
1999-06-01,,,,,,6260.3,6823.7,4.76,107.3,4.3
1999-07-01,,,,,8776.715,6287.6,6854.6,4.99,106.0,4.3
1999-08-01,,,,,,6331.9,6895.9,5.07,104.5,4.2
1999-09-01,,,,,,6386.5,6911.6,5.22,107.2,4.2
1999-10-01,,,,,8905.093,6411.4,6961.1,5.2,103.2,4.1
1999-11-01,,,,,,6448.7,7012.5,5.42,107.2,4.1
1999-12-01,,,,,,6541.0,7083.4,5.3,105.4,4.0
2000-01-01,,,,,9039.743,6542.9,7149.3,5.45,112.0,4.0
2000-02-01,,,,,,6625.3,7199.7,5.73,111.3,4.1
2000-03-01,,,,,,6686.5,7249.8,5.85,107.1,4.0
2000-04-01,,,,,9124.152,6679.1,7280.3,6.02,109.2,3.8
2000-05-01,,,,,,6709.7,7316.5,6.27,110.7,4.0
2000-06-01,,,,,,6746.9,7361.9,6.53,106.4,4.0
2000-07-01,,,,,9211.569,6768.5,7419.9,6.54,108.3,4.0
2000-08-01,,,,,,6802.8,7465.6,6.5,107.3,4.1
2000-09-01,,,,,,6888.6,7506.6,6.52,106.8,3.9
2000-10-01,,,,,9292.05,6893.8,7538.4,6.51,105.8,3.9
2000-11-01,,,,,,6909.8,7552.2,6.51,107.6,3.9
2000-12-01,,,,,,6952.2,7579.4,6.4,98.4,3.9
2001-01-01,,,,,9325.751,6987.4,7651.7,5.98,94.7,4.2
2001-02-01,,,,,,7001.8,7672.4,5.49,90.6,4.2
2001-03-01,,,,,,6996.7,7696.3,5.31,91.5,4.3
2001-04-01,,,,,9344.486,7004.2,7693.8,4.8,88.4,4.4
2001-05-01,,,,,,7052.8,7700.2,4.21,92.0,4.3
2001-06-01,,,,,,7069.7,7716.5,3.97,92.6,4.5
2001-07-01,,,,,9377.003,7082.3,7829.0,3.77,92.4,4.6
2001-08-01,,,,,,7121.7,7958.2,3.65,91.5,4.9
2001-09-01,,,,,,7007.0,7863.3,3.07,81.8,5.0
2001-10-01,,,,,9528.302,7212.9,7751.2,2.49,82.7,5.3
2001-11-01,,,,,,7182.3,7755.0,2.09,83.9,5.5
2001-12-01,,,,,,7166.7,7761.5,1.82,88.8,5.7
2002-01-01,,,,,9549.516,7184.6,7931.2,1.73,93.0,5.7
2002-02-01,,,,,,7225.2,7957.1,1.74,90.7,5.7
2002-03-01,,,,,,7243.4,7984.4,1.73,95.7,5.7
2002-04-01,,,,,9597.82,7312.5,8044.6,1.75,93.0,5.9
2002-05-01,,,,,,7288.9,8082.0,1.75,96.9,5.8
2002-06-01,,,,,,7322.5,8116.2,1.75,92.4,5.8
2002-07-01,,,,,9664.988,7387.3,8113.3,1.73,88.1,5.8
2002-08-01,,,,,,7412.6,8130.8,1.74,87.6,5.7
2002-09-01,,,,,,7391.5,8153.5,1.75,86.1,5.7
2002-10-01,,,,,9718.745,7435.2,8190.0,1.75,80.6,5.7
2002-11-01,,,,,,7463.8,8220.6,1.34,84.2,5.9
2002-12-01,,,,,,7519.9,8250.8,1.24,86.7,6.0
2003-01-01,,,,,9766.616,7541.3,8268.0,1.24,82.4,5.8
2003-02-01,,,,,,7548.6,8274.7,1.26,79.9,5.9
2003-03-01,,,,,,7611.5,8313.4,1.25,77.6,5.9
2003-04-01,,,,,9878.442,7634.5,8342.9,1.26,86.0,6.0
2003-05-01,,,,,,7650.3,8394.8,1.26,92.1,6.1
2003-06-01,,,,,,7699.6,8426.0,1.22,89.7,6.3
2003-07-01,,,,,10018.122,7757.0,8552.3,1.01,90.9,6.2
2003-08-01,,,,,,7852.1,8640.1,1.03,89.3,6.1
2003-09-01,,,,,,7853.7,8568.6,1.01,87.7,6.1
2003-10-01,,,,,10087.092,7867.4,8602.1,1.01,89.6,6.0
2003-11-01,,,,,,7922.6,8664.9,1.0,93.7,5.8
2003-12-01,,,,,,7950.4,8690.8,0.98,92.6,5.7
2004-01-01,,,,,10181.141,8007.1,8719.7,1.0,103.8,5.7
2004-02-01,,,,,,8040.4,8753.9,1.01,94.4,5.6
2004-03-01,,,,,,8098.8,8802.8,1.0,95.8,5.8
2004-04-01,,,,,10236.694,8107.2,8849.0,1.0,94.2,5.6
2004-05-01,,,,,,8176.5,8922.0,1.0,90.2,5.6
2004-06-01,,,,,,8157.6,8952.9,1.03,95.6,5.6
2004-07-01,,,,,10356.936,8236.9,8981.0,1.26,96.7,5.5
2004-08-01,,,,,,8271.6,9012.9,1.43,95.9,5.4
2004-09-01,,,,,,8341.5,9034.6,1.61,94.2,5.4
2004-10-01,,,,,10474.084,8397.1,9075.8,1.76,91.7,5.5
2004-11-01,,,,,,8444.5,9081.3,1.93,92.8,5.4
2004-12-01,,,,,,8504.4,9419.8,2.16,97.1,5.4
2005-01-01,,,,,10540.638,8497.7,9082.2,2.28,95.5,5.3
2005-02-01,,,,,,8559.1,9109.5,2.5,94.1,5.4
2005-03-01,,,,,,8598.4,9169.2,2.63,92.6,5.2
2005-04-01,,,,,10657.449,8678.4,9223.7,2.79,87.7,5.2
2005-05-01,,,,,,8671.6,9268.6,3.0,86.9,5.1
2005-06-01,,,,,,8753.4,9293.1,3.04,96.0,5.0
2005-07-01,,,,,10745.873,8853.8,9342.1,3.26,96.5,5.0
2005-08-01,,,,,,8850.1,9394.8,3.5,89.1,4.9
2005-09-01,,,,,,8900.4,9452.2,3.62,76.9,5.0
2005-10-01,,,,,10765.68,8938.5,9520.0,3.78,74.2,5.0
2005-11-01,,,,,,8946.2,9559.6,4.0,81.6,5.0
2005-12-01,,,,,,8981.1,9588.8,4.16,91.5,4.9
2006-01-01,,,,,10883.075,9071.6,9732.7,4.29,91.2,4.7
2006-02-01,,,,,,9096.0,9781.2,4.49,86.7,4.8
2006-03-01,,,,,,9132.9,9837.6,4.59,88.9,4.7
2006-04-01,,,,,10939.498,9191.6,9880.7,4.79,87.4,4.7
2006-05-01,,,,,,9231.8,9900.9,4.94,79.1,4.6
2006-06-01,,,,,,9259.6,9938.1,4.99,84.9,4.6
2006-07-01,,,,,11009.748,9343.8,9967.9,5.24,84.7,4.7
2006-08-01,,,,,,9342.2,9990.9,5.25,82.0,4.7
2006-09-01,,,,,,9375.4,10018.2,5.25,85.4,4.5
2006-10-01,,,,,11114.771,9393.6,10039.9,5.25,93.6,4.4
2006-11-01,,,,,,9400.2,10084.2,5.25,92.1,4.5
2006-12-01,,,,,,9488.3,10168.2,5.24,91.7,4.4
2007-01-01,,,,,11183.323,9538.7,10200.4,5.25,96.9,4.6
2007-02-01,,,,,,9566.0,10265.8,5.26,91.3,4.5
2007-03-01,,,,,,9611.7,10337.0,5.26,88.4,4.4
2007-04-01,,,,,11212.669,9643.6,10376.5,5.25,87.1,4.5
2007-05-01,,,,,,9685.8,10412.7,5.25,88.3,4.4
2007-06-01,,,,,,9706.8,10429.1,5.25,85.3,4.6
2007-07-01,,,,,11287.468,9751.1,10456.3,5.26,90.4,4.7
2007-08-01,,,,,,9798.9,10467.3,5.02,83.4,4.6
2007-09-01,,,,,,9845.1,10524.1,4.94,83.4,4.7
2007-10-01,,,,,11331.949,9882.7,10547.9,4.76,80.9,4.7
2007-11-01,,,,,,9955.9,10594.8,4.49,76.1,4.7
2007-12-01,,,,,,9972.8,10663.8,4.24,75.5,5.0
2008-01-01,,,,,11316.411,9996.4,10705.5,3.94,78.4,5.0
2008-02-01,,,,,,9981.7,10731.1,2.98,70.8,4.9
2008-03-01,,,,,,10035.3,10765.4,2.61,69.5,5.1
2008-04-01,,,,,11347.595,10070.3,10745.4,2.28,62.6,5.0
2008-05-01,,,,,,10132.3,11322.5,1.98,59.8,5.4
2008-06-01,,,,,,10187.1,11117.6,2.0,56.4,5.6
2008-07-01,,,,,11260.136,10185.1,10999.7,2.01,61.2,5.8
2008-08-01,,,,,,10175.7,10929.5,2.0,63.0,6.1
2008-09-01,,,,,,10116.4,10964.1,1.81,70.3,6.1
2008-10-01,,,,,11158.801,10034.1,10973.7,0.97,57.6,6.5
2008-11-01,,,,,,9885.2,10937.5,0.39,55.3,6.8
2008-12-01,,,,,,9801.5,10826.1,0.16,60.1,7.3
2009-01-01,,,,,11130.464,9847.2,10891.5,0.15,61.2,7.8
2009-02-01,,,,,,9824.5,10805.4,0.22,56.3,8.3
2009-03-01,,,,,,9773.2,10794.3,0.18,57.3,8.7
2009-04-01,,,,,11075.748,9772.5,10878.0,0.15,65.1,9.0
2009-05-01,,,,,,9791.6,11048.4,0.18,68.7,9.4
2009-06-01,,,,,,9852.4,10912.3,0.21,70.8,9.5
2009-07-01,,,,,11150.23,9886.3,10864.9,0.16,66.0,9.5
2009-08-01,,,,,,10004.1,10875.2,0.16,65.7,9.6
2009-09-01,,,,,,9927.8,10924.7,0.15,73.5,9.8
2009-10-01,,,,,11137.946,9976.7,10932.5,0.12,70.6,10.0
2009-11-01,,,,,,9985.7,10987.9,0.12,67.4,9.9
2009-12-01,,,,,,10052.6,11044.5,0.12,72.5,9.9
2010-01-01,,,,,11202.495,10056.1,11073.7,0.11,74.4,9.8
2010-02-01,,,,,,10093.4,11079.0,0.13,73.6,9.8
2010-03-01,,,,,,10156.0,11138.2,0.16,73.6,9.9
2010-04-01,,,,,11302.955,10182.3,11240.7,0.2,72.2,9.9
2010-05-01,,,,,,10210.8,11328.4,0.2,73.6,9.6
2010-06-01,,,,,,10231.3,11327.3,0.18,76.0,9.4
2010-07-01,,,,,11383.596,10268.1,11345.9,0.18,67.8,9.4
2010-08-01,,,,,,10307.1,11395.1,0.19,68.9,9.5
2010-09-01,,,,,,10327.1,11405.0,0.19,68.2,9.5
2010-10-01,,,,,11453.368,10386.4,11443.8,0.19,67.7,9.4
2010-11-01,,,,,,10433.6,11478.1,0.19,71.6,9.8
2010-12-01,,,,,,10471.0,11573.0,0.18,74.5,9.3
2011-01-01,,,,,11497.12,10514.3,11662.3,0.17,74.2,9.1
2011-02-01,,,,,,10540.6,11728.2,0.16,77.5,9.0
2011-03-01,,,,,,10619.7,11744.3,0.14,67.5,9.0
2011-04-01,,,,,11508.95,10652.1,11774.2,0.1,69.8,9.1
2011-05-01,,,,,,10672.2,11795.2,0.09,74.3,9.0
2011-06-01,,,,,,10694.8,11840.7,0.09,71.5,9.1
2011-07-01,,,,,11543.975,10731.6,11906.1,0.07,63.7,9.0
2011-08-01,,,,,,10750.3,11928.6,0.1,55.8,9.0
2011-09-01,,,,,,10783.2,11928.6,0.08,59.5,9.0
2011-10-01,,,,,11563.89,10802.9,11938.4,0.07,60.8,8.8
2011-11-01,,,,,,10806.8,11954.4,0.08,63.7,8.6
2011-12-01,,,,,,10817.8,12069.5,0.07,69.9,8.5
2012-01-01,,,,,11647.297,10896.8,12175.6,0.08,75.0,8.3
2012-02-01,,,,,,10987.2,12261.2,0.1,75.3,8.3
2012-03-01,,,,,,10993.9,12319.4,0.13,76.2,8.2
2012-04-01,,,,,11667.753,11018.5,12382.9,0.14,76.4,8.2
2012-05-01,,,,,,11006.8,12365.1,0.16,79.3,8.2
2012-06-01,,,,,,10989.8,12344.6,0.16,73.2,8.2
2012-07-01,,,,,11691.414,11016.8,12257.1,0.16,72.3,8.2
2012-08-01,,,,,,11056.0,12262.1,0.13,74.3,8.1
2012-09-01,,,,,,11105.3,12386.3,0.14,78.3,7.8
2012-10-01,,,,,11738.007,11137.4,12507.6,0.16,82.6,7.8
2012-11-01,,,,,,11178.4,12664.4,0.16,82.7,7.7
2012-12-01,,,,,,11181.2,12973.2,0.16,72.9,7.9
2013-01-01,,,,,11814.326,11252.4,12238.4,0.14,73.8,8.0
2013-02-01,,,,,,11290.5,12251.7,0.15,77.6,7.7
2013-03-01,,,,,,11290.1,12272.1,0.14,78.6,7.5
2013-04-01,,,,,11848.089,11281.1,12298.9,0.15,76.4,7.6
2013-05-01,,,,,,11321.6,12365.9,0.11,84.5,7.5
2013-06-01,,,,,,11344.4,12394.8,0.09,84.1,7.5
2013-07-01,,,,,11896.258,11372.6,12397.0,0.09,85.1,7.3
2013-08-01,,,,,,11406.6,12441.9,0.08,82.1,7.2
2013-09-01,,,,,,11445.9,12503.0,0.08,77.5,7.2
2013-10-01,,,,,12001.027,11498.0,12468.6,0.09,73.2,7.2
2013-11-01,,,,,,11562.5,12510.6,0.08,75.1,6.9
2013-12-01,,,,,,11593.2,12551.8,0.09,82.5,6.7
2014-01-01,,,,,12044.203,11578.8,12636.2,0.07,81.2,6.6
2014-02-01,,,,,,11636.9,12708.5,0.07,81.6,6.7
2014-03-01,,,,,,11722.3,12798.5,0.08,80.0,6.7
2014-04-01,,,,,12159.899,11762.3,12870.0,0.09,84.1,6.2
2014-05-01,,,,,,11807.3,12932.6,0.09,81.9,6.3
2014-06-01,,,,,,11861.7,12993.0,0.1,82.5,6.1
2014-07-01,,,,,12280.086,11904.4,13037.2,0.09,81.8,6.2
2014-08-01,,,,,,11983.7,13093.2,0.09,82.5,6.1
2014-09-01,,,,,,11991.4,13137.0,0.09,84.6,5.9
2014-10-01,,,,,12421.595,12064.7,13195.9,0.09,86.9,5.7
2014-11-01,,,,,,12083.9,13255.0,0.09,88.8,5.8
2014-12-01,,,,,,12096.1,13323.7,0.12,93.6,5.6
2015-01-01,,,,,12516.902,12066.7,13335.7,0.11,98.1,5.7
2015-02-01,,,,,,12116.6,13408.1,0.11,95.4,5.5
2015-03-01,,,,,,12176.1,13397.8,0.11,93.0,5.4
2015-04-01,,,,,12603.053,12209.1,13439.5,0.12,95.9,5.4
2015-05-01,,,,,,12275.4,13494.8,0.12,90.7,5.6
2015-06-01,,,,,,12307.9,13529.3,0.13,96.1,5.3
2015-07-01,,,,,12691.79,12364.9,13572.5,0.13,93.1,5.2
2015-08-01,,,,,,12396.2,13602.8,0.14,91.9,5.1
2015-09-01,,,,,,12386.4,13619.5,0.14,87.2,5.0
2015-10-01,,,,,12743.411,12394.9,13643.6,0.12,90.0,5.0
2015-11-01,,,,,,12423.2,13648.6,0.12,91.3,5.1
2015-12-01,,,,,,12452.0,13702.2,0.24,92.6,5.0
2016-01-01,237.652,248.353,283.714,192.648,12839.618,12478.0,13767.2,0.34,92.0,4.8
2016-02-01,237.336,248.606,284.502,188.784,,12554.5,13773.8,0.38,91.7,4.9
2016-03-01,238.08,248.029,285.122,191.583,,12537.0,13806.0,0.36,91.0,5.0
2016-04-01,238.992,248.235,285.853,194.491,12903.306,12611.5,13822.6,0.37,89.0,5.1
2016-05-01,239.557,247.856,286.855,195.474,,12652.7,13834.7,0.37,94.7,4.8
2016-06-01,240.222,247.683,287.819,197.236,,12731.2,13868.1,0.38,93.5,4.9
2016-07-01,240.101,247.658,288.524,194.654,12993.064,12756.7,13924.8,0.39,90.0,4.8
2016-08-01,240.545,247.746,289.367,194.205,,12788.1,13960.5,0.4,89.8,4.9
2016-09-01,241.176,247.772,290.369,195.762,,12846.6,14019.0,0.4,91.2,5.0
2016-10-01,241.741,247.812,291.378,197.151,13060.061,12867.0,14073.7,0.4,87.2,4.9
2016-11-01,242.026,247.741,292.227,197.331,,12893.0,14116.1,0.41,93.8,4.7
2016-12-01,242.637,247.725,293.066,199.146,,13005.9,14180.1,0.54,98.2,4.7
2017-01-01,243.618,248.065,293.769,202.082,13160.475,13063.7,14294.2,0.65,98.5,4.7
2017-02-01,244.006,248.735,294.543,201.566,,13088.4,14356.4,0.66,96.3,4.6
2017-03-01,243.892,249.244,295.012,201.165,,13139.9,14408.5,0.79,96.9,4.4
2017-04-01,244.193,249.589,295.741,200.904,13225.743,13169.2,14468.8,0.9,97.0,4.4
2017-05-01,244.004,249.972,296.461,198.623,,13171.9,14563.6,0.91,97.1,4.4
2017-06-01,244.163,249.77,297.215,198.062,,13225.2,14583.9,1.04,95.0,4.3
2017-07-01,244.243,250.185,297.676,196.903,13315.382,13263.3,14630.7,1.15,93.4,4.3
2017-08-01,245.183,250.469,298.904,199.59,,13294.6,14681.5,1.16,96.8,4.4
2017-09-01,246.435,250.826,299.711,204.503,,13417.3,14764.1,1.15,95.1,4.3
2017-10-01,246.626,251.048,300.814,203.282,13460.902,13447.5,14826.3,1.15,100.7,4.2
2017-11-01,247.284,251.195,301.43,205.698,,13540.6,14870.2,1.16,98.5,4.2
2017-12-01,247.805,251.716,302.428,206.332,,13666.1,14918.8,1.3,95.9,4.1
2018-01-01,248.859,252.377,303.213,208.964,13558.373,13703.3,15064.6,1.41,95.7,4.0
2018-02-01,249.529,252.264,303.784,210.466,,13738.7,15132.0,1.42,99.7,4.1
2018-03-01,249.577,252.365,304.812,208.649,,13793.2,15202.6,1.51,101.4,4.0
2018-04-01,250.227,252.867,305.72,209.542,13630.967,13838.4,15271.7,1.69,98.8,4.0
2018-05-01,250.792,252.864,306.808,210.576,,13905.0,15349.7,1.7,98.0,3.8
2018-06-01,251.018,253.167,307.183,210.83,,13930.4,15425.7,1.82,98.2,4.0
2018-07-01,251.214,253.598,308.05,210.467,13693.79,13974.8,15508.8,1.91,97.9,3.8
2018-08-01,251.663,253.949,309.004,211.843,,14014.0,15574.8,1.91,96.2,3.8
2018-09-01,252.182,254.302,309.522,212.734,,14017.8,15605.6,1.95,100.1,3.7
2018-10-01,252.772,254.17,310.401,213.82,13736.572,14083.1,15670.2,2.19,98.6,3.8
2018-11-01,252.594,254.887,311.247,211.019,,14162.9,15717.7,2.2,97.5,3.8
2018-12-01,252.767,255.877,312.132,208.595,,14051.6,15925.0,2.27,98.3,3.9
2019-01-01,252.561,256.533,312.998,205.719,13758.331,14084.6,15947.1,2.4,91.2,4.0
2019-02-01,253.319,257.253,314.072,207.495,,14117.4,16001.2,2.4,93.8,3.8
2019-03-01,254.277,257.681,315.051,210.097,,14248.6,16043.6,2.41,98.4,3.8
2019-04-01,255.233,257.325,316.172,213.037,13875.705,14290.0,16055.6,2.42,97.2,3.7
2019-05-01,255.296,257.818,317.03,211.761,,14353.3,16065.5,2.39,100.0,3.6
2019-06-01,255.213,257.952,317.949,209.25,,14408.7,16103.7,2.38,98.2,3.6
2019-07-01,255.802,258.059,318.777,209.934,14033.222,14496.0,16145.0,2.4,98.4,3.7
2019-08-01,256.036,258.288,319.37,209.27,,14558.2,16238.4,2.13,89.8,3.6
2019-09-01,256.43,258.865,320.436,209.085,,14590.6,16282.7,2.04,93.2,3.5
2019-10-01,257.155,259.434,320.862,210.25,14125.274,14617.4,16332.8,1.83,95.5,3.6
2019-11-01,257.879,260.048,321.611,211.286,,14711.0,16400.2,1.55,96.8,3.6
2019-12-01,258.63,260.483,322.247,213.354,,14774.8,16358.1,1.55,99.3,3.6
2020-01-01,259.127,261.293,323.487,213.14,13887.048,14868.3,16552.7,1.55,99.8,3.6
2020-02-01,259.25,261.962,324.483,211.402,,14828.1,16625.5,1.58,101.0,3.5
2020-03-01,258.076,262.622,324.54,204.709,,13812.8,16370.4,0.65,89.1,4.4
2020-04-01,256.032,266.37,324.391,192.375,12685.319,12249.2,18703.3,0.05,71.8,14.8
2020-05-01,255.802,268.086,324.973,188.733,,13281.5,17780.7,0.05,72.3,13.2
2020-06-01,257.042,269.553,325.425,192.554,,14049.2,17774.4,0.08,78.1,11.0
2020-07-01,258.352,268.532,326.249,197.289,13813.706,14307.2,17987.1,0.09,72.5,10.2
2020-08-01,259.316,268.957,326.782,199.971,,14462.2,17344.6,0.1,74.1,8.4
2020-09-01,259.997,269.043,327.043,202.572,,14668.1,17471.8,0.09,80.4,7.8
2020-10-01,260.319,269.653,327.421,203.23,14001.366,14725.8,17424.0,0.09,81.8,6.9
2020-11-01,260.911,269.636,327.801,204.355,,14701.6,17239.3,0.09,76.9,6.7
2020-12-01,262.045,270.781,328.217,208.196,,14822.0,17327.5,0.09,80.7,6.7
2021-01-01,262.687,271.195,328.535,210.632,14319.617,15073.0,19306.1,0.09,79.0,6.4
2021-02-01,263.579,271.425,329.124,212.904,,14983.5,17776.2,0.08,76.8,6.2
2021-03-01,264.961,271.636,329.947,217.471,,15709.7,21959.4,0.07,84.9,6.1
2021-04-01,266.614,272.715,331.208,220.736,14820.014,15917.5,18741.2,0.07,88.3,6.1
2021-05-01,268.383,273.932,332.111,225.784,,15973.5,18299.5,0.06,82.9,5.8
2021-06-01,270.654,275.997,333.835,233.169,,16191.7,18306.9,0.08,85.5,5.9
2021-07-01,271.903,277.813,335.446,234.485,14943.244,16239.7,18511.8,0.1,81.2,5.4
2021-08-01,272.676,279.01,336.022,234.588,,16412.9,18547.5,0.09,70.3,5.1
2021-09-01,273.91,281.366,337.357,235.77,,16489.6,18401.3,0.08,72.8,4.7
2021-10-01,276.55,283.972,338.948,241.059,15086.862,16704.2,18529.1,0.08,71.7,4.5
2021-11-01,278.919,286.151,340.544,248.066,,16849.8,18600.5,0.08,67.4,4.1
2021-12-01,280.845,287.812,341.931,253.118,,16891.0,18631.4,0.08,70.6,3.9
2022-01-01,282.543,290.077,342.858,254.579,15100.85,16993.8,18277.5,0.08,67.2,4.0
2022-02-01,284.5,292.899,344.705,257.835,,17106.0,18387.6,0.08,62.8,3.9
2022-03-01,287.674,295.546,346.396,266.618,,17347.2,18457.9,0.2,59.4,3.7
2022-04-01,288.561,298.339,348.23,264.563,15224.357,17490.0,18511.9,0.33,65.2,3.7
2022-05-01,291.298,301.755,350.204,269.601,,17574.5,18601.3,0.77,58.4,3.6
2022-06-01,294.957,304.834,352.616,278.932,,17755.2,18734.1,1.21,50.0,3.6
2022-07-01,294.913,308.193,354.68,272.71,15295.828,17770.1,18975.2,1.68,51.5,3.5
2022-08-01,295.097,310.794,357.048,265.977,,17916.5,19141.5,2.33,58.2,3.6
2022-09-01,296.349,312.901,359.601,265.46,,17992.8,19276.0,2.56,58.6,3.5
2022-10-01,298.007,315.038,362.353,268.123,15326.248,18109.6,19428.1,3.08,59.9,3.6
2022-11-01,298.786,316.62,364.695,267.391,,18108.0,19509.7,3.78,56.7,3.6
2022-12-01,298.832,317.813,367.466,262.161,,18116.5,19625.4,4.1,59.8,3.5
2023-01-01,300.42,319.3,369.911,263.597,15495.754,18449.1,20121.6,4.33,64.9,3.5
2023-02-01,301.45,320.543,372.636,263.822,,18491.6,20289.8,4.57,66.9,3.6
2023-03-01,301.821,320.554,374.678,263.521,,18520.4,20438.8,4.65,62.0,3.5
2023-04-01,302.845,321.213,376.404,265.284,15553.719,18641.8,20553.0,4.83,63.7,3.4
2023-05-01,303.334,322.009,378.304,265.15,,18664.6,20660.8,5.06,59.0,3.6
2023-06-01,304.014,322.365,380.155,265.787,,18773.0,20739.2,5.08,64.2,3.6
2023-07-01,304.609,323.201,381.895,265.613,15671.906,18884.2,20804.4,5.12,71.5,3.5
2023-08-01,306.082,324.042,382.947,270.442,,18953.3,20896.8,5.33,69.4,3.7
2023-09-01,307.276,324.379,385.285,271.893,,19048.1,20982.8,5.33,67.8,3.7
2023-10-01,307.696,325.442,386.771,270.239,15789.717,19109.4,21065.7,5.33,63.8,3.9
2023-11-01,308.148,325.93,388.525,269.558,,19178.9,21171.5,5.33,61.3,3.7
2023-12-01,308.741,326.434,390.139,269.187,,19283.5,21267.0,5.33,69.7,3.8
2024-01-01,309.698,327.424,392.322,267.931,15857.704,19303.3,21480.9,5.33,79.0,3.7
2024-02-01,310.967,327.707,394.078,270.904,,19446.5,21571.0,5.33,76.9,3.9
2024-03-01,312.345,327.774,395.827,274.332,,19581.8,21674.2,5.33,79.4,3.9
2024-04-01,313.023,328.449,397.196,274.564,16009.637,19665.7,21754.1,5.33,77.2,3.9
2024-05-01,313.175,328.949,398.689,272.306,,19758.0,21847.5,5.33,69.1,3.9
2024-06-01,313.044,329.6,399.699,269.014,,19844.5,21928.1,5.33,68.2,4.1
2024-07-01,313.569,330.329,401.139,268.745,16165.768,19949.5,21953.2,5.33,66.4,4.2
2024-08-01,314.062,330.748,402.895,268.745,,20001.3,21992.2,5.33,67.9,4.2
2024-09-01,314.732,331.753,403.956,268.853,,20147.6,22062.3,5.13,70.1,4.1
2024-10-01,315.631,332.463,405.721,269.476,16320.89,20226.0,22171.5,4.83,70.5,4.1
2024-11-01,316.528,333.629,407.114,270.397,,20313.6,22247.7,4.64,71.8,4.2
2024-12-01,317.604,334.464,408.165,273.39,,20514.3,22329.3,4.48,74.0,4.1
2025-01-01,318.961,335.441,409.579,276.016,16345.793,20462.2,22435.3,4.33,71.7,4.0
2025-02-01,319.679,336.065,410.793,275.019,,20519.8,22551.4,4.33,64.7,4.2
2025-03-01,319.785,337.331,411.639,271.76,,20683.0,22704.4,4.33,57.0,4.2
2025-04-01,320.302,337.493,413.04,270.662,16445.685,20746.4,22873.1,4.33,52.2,4.2
2025-05-01,320.62,338.474,414.109,269.009,,20755.0,22722.6,4.33,52.2,4.3
2025-06-01,321.435,339.468,414.981,269.017,,20868.4,22764.1,4.33,60.7,4.1
2025-07-01,322.169,339.891,415.931,269.382,16585.878,21007.3,22903.1,4.33,61.7,4.3
2025-08-01,323.291,341.32,417.555,271.591,,21123.8,23009.0,4.33,58.2,4.3
2025-09-01,324.245,342.086,418.422,273.656,,21202.4,23091.6,4.22,55.1,4.4
2025-10-01,,,,,16665.219,21288.1,23095.8,4.09,53.6,
2025-11-01,325.063,342.386,419.431,274.113,,21356.0,23166.5,3.88,51.0,4.5
2025-12-01,326.031,344.632,421.039,274.073,,21445.9,23232.9,3.72,52.9,4.4
2026-01-01,326.588,345.271,421.965,273.21,,21511.8,23448.1,3.64,56.4,4.3
2026-02-01,327.46,346.622,422.942,273.766,,21615.1,23429.8,3.64,56.6,4.4
2026-03-01,330.293,346.603,424.069,285.48,,,,3.64,,4.3
